week_start,sku_id,sku_name,category,demand_units,promo_flag
2024-01-01,SKU-001,Electronics Item 1,Electronics,66,0
2024-01-08,SKU-001,Electronics Item 1,Electronics,80,0
2024-01-15,SKU-001,Electronics Item 1,Electronics,67,0
2024-01-22,SKU-001,Electronics Item 1,Electronics,63,0
2024-01-29,SKU-001,Electronics Item 1,Electronics,63,0
2024-02-05,SKU-001,Electronics Item 1,Electronics,70,0
2024-02-12,SKU-001,Electronics Item 1,Electronics,70,0
2024-02-19,SKU-001,Electronics Item 1,Electronics,72,0
2024-02-26,SKU-001,Electronics Item 1,Electronics,75,0
2024-03-04,SKU-001,Electronics Item 1,Electronics,94,0
2024-03-11,SKU-001,Electronics Item 1,Electronics,75,0
2024-03-18,SKU-001,Electronics Item 1,Electronics,77,0
2024-03-25,SKU-001,Electronics Item 1,Electronics,76,0
2024-04-01,SKU-001,Electronics Item 1,Electronics,92,0
2024-04-08,SKU-001,Electronics Item 1,Electronics,99,0
2024-04-15,SKU-001,Electronics Item 1,Electronics,86,0
2024-04-22,SKU-001,Electronics Item 1,Electronics,79,0
2024-04-29,SKU-001,Electronics Item 1,Electronics,80,0
2024-05-06,SKU-001,Electronics Item 1,Electronics,97,0
2024-05-13,SKU-001,Electronics Item 1,Electronics,101,0
2024-05-20,SKU-001,Electronics Item 1,Electronics,102,0
2024-05-27,SKU-001,Electronics Item 1,Electronics,92,0
2024-06-03,SKU-001,Electronics Item 1,Electronics,108,0
2024-06-10,SKU-001,Electronics Item 1,Electronics,110,0
2024-06-17,SKU-001,Electronics Item 1,Electronics,115,0
2024-06-24,SKU-001,Electronics Item 1,Electronics,158,1
2024-07-01,SKU-001,Electronics Item 1,Electronics,123,0
2024-07-08,SKU-001,Electronics Item 1,Electronics,113,0
2024-07-15,SKU-001,Electronics Item 1,Electronics,114,0
2024-07-22,SKU-001,Electronics Item 1,Electronics,116,0
2024-07-29,SKU-001,Electronics Item 1,Electronics,87,0
2024-08-05,SKU-001,Electronics Item 1,Electronics,101,0
2024-08-12,SKU-001,Electronics Item 1,Electronics,99,0
2024-08-19,SKU-001,Electronics Item 1,Electronics,97,0
2024-08-26,SKU-001,Electronics Item 1,Electronics,103,0
2024-09-02,SKU-001,Electronics Item 1,Electronics,127,0
2024-09-09,SKU-001,Electronics Item 1,Electronics,97,0
2024-09-16,SKU-001,Electronics Item 1,Electronics,120,0
2024-09-23,SKU-001,Electronics Item 1,Electronics,84,0
2024-09-30,SKU-001,Electronics Item 1,Electronics,98,0
2024-10-07,SKU-001,Electronics Item 1,Electronics,100,0
2024-10-14,SKU-001,Electronics Item 1,Electronics,100,0
2024-10-21,SKU-001,Electronics Item 1,Electronics,97,0
2024-10-28,SKU-001,Electronics Item 1,Electronics,93,0
2024-11-04,SKU-001,Electronics Item 1,Electronics,79,0
2024-11-11,SKU-001,Electronics Item 1,Electronics,76,0
2024-11-18,SKU-001,Electronics Item 1,Electronics,88,0
2024-11-25,SKU-001,Electronics Item 1,Electronics,77,0
2024-12-02,SKU-001,Electronics Item 1,Electronics,67,0
2024-12-09,SKU-001,Electronics Item 1,Electronics,69,0
2024-12-16,SKU-001,Electronics Item 1,Electronics,98,1
2024-12-23,SKU-001,Electronics Item 1,Electronics,79,0
2024-12-30,SKU-001,Electronics Item 1,Electronics,83,0
2025-01-06,SKU-001,Electronics Item 1,Electronics,71,0
2025-01-13,SKU-001,Electronics Item 1,Electronics,74,0
2025-01-20,SKU-001,Electronics Item 1,Electronics,76,0
2025-01-27,SKU-001,Electronics Item 1,Electronics,94,1
2025-02-03,SKU-001,Electronics Item 1,Electronics,64,0
2025-02-10,SKU-001,Electronics Item 1,Electronics,68,0
2025-02-17,SKU-001,Electronics Item 1,Electronics,70,0
2025-02-24,SKU-001,Electronics Item 1,Electronics,110,1
2025-03-03,SKU-001,Electronics Item 1,Electronics,75,0
2025-03-10,SKU-001,Electronics Item 1,Electronics,83,0
2025-03-17,SKU-001,Electronics Item 1,Electronics,109,1
2025-03-24,SKU-001,Electronics Item 1,Electronics,96,0
2025-03-31,SKU-001,Electronics Item 1,Electronics,90,0
2025-04-07,SKU-001,Electronics Item 1,Electronics,87,0
2025-04-14,SKU-001,Electronics Item 1,Electronics,99,1
2025-04-21,SKU-001,Electronics Item 1,Electronics,77,0
2025-04-28,SKU-001,Electronics Item 1,Electronics,79,0
2025-05-05,SKU-001,Electronics Item 1,Electronics,84,0
2025-05-12,SKU-001,Electronics Item 1,Electronics,103,0
2025-05-19,SKU-001,Electronics Item 1,Electronics,91,0
2025-05-26,SKU-001,Electronics Item 1,Electronics,102,0
2025-06-02,SKU-001,Electronics Item 1,Electronics,129,0
2025-06-09,SKU-001,Electronics Item 1,Electronics,111,0
2025-06-16,SKU-001,Electronics Item 1,Electronics,129,0
2025-06-23,SKU-001,Electronics Item 1,Electronics,151,1
2025-06-30,SKU-001,Electronics Item 1,Electronics,107,0
2025-07-07,SKU-001,Electronics Item 1,Electronics,114,0
2025-07-14,SKU-001,Electronics Item 1,Electronics,129,0
2025-07-21,SKU-001,Electronics Item 1,Electronics,91,0
2025-07-28,SKU-001,Electronics Item 1,Electronics,118,0
2025-08-04,SKU-001,Electronics Item 1,Electronics,114,0
2025-08-11,SKU-001,Electronics Item 1,Electronics,103,0
2025-08-18,SKU-001,Electronics Item 1,Electronics,92,0
2025-08-25,SKU-001,Electronics Item 1,Electronics,114,0
2025-09-01,SKU-001,Electronics Item 1,Electronics,106,0
2025-09-08,SKU-001,Electronics Item 1,Electronics,117,0
2025-09-15,SKU-001,Electronics Item 1,Electronics,114,0
2025-09-22,SKU-001,Electronics Item 1,Electronics,144,1
2025-09-29,SKU-001,Electronics Item 1,Electronics,95,0
2025-10-06,SKU-001,Electronics Item 1,Electronics,106,0
2025-10-13,SKU-001,Electronics Item 1,Electronics,102,0
2025-10-20,SKU-001,Electronics Item 1,Electronics,110,0
2025-10-27,SKU-001,Electronics Item 1,Electronics,99,0
2025-11-03,SKU-001,Electronics Item 1,Electronics,91,0
2025-11-10,SKU-001,Electronics Item 1,Electronics,100,0
2025-11-17,SKU-001,Electronics Item 1,Electronics,72,0
2025-11-24,SKU-001,Electronics Item 1,Electronics,78,0
2025-12-01,SKU-001,Electronics Item 1,Electronics,75,0
2025-12-08,SKU-001,Electronics Item 1,Electronics,80,0
2025-12-15,SKU-001,Electronics Item 1,Electronics,70,0
2025-12-22,SKU-001,Electronics Item 1,Electronics,89,0
2025-12-29,SKU-001,Electronics Item 1,Electronics,79,0
2026-01-05,SKU-001,Electronics Item 1,Electronics,65,0
2026-01-12,SKU-001,Electronics Item 1,Electronics,67,0
2026-01-19,SKU-001,Electronics Item 1,Electronics,78,0
2026-01-26,SKU-001,Electronics Item 1,Electronics,108,1
2026-02-02,SKU-001,Electronics Item 1,Electronics,100,0
2026-02-09,SKU-001,Electronics Item 1,Electronics,79,0
2026-02-16,SKU-001,Electronics Item 1,Electronics,76,1
2026-02-23,SKU-001,Electronics Item 1,Electronics,83,0
2026-03-02,SKU-001,Electronics Item 1,Electronics,76,0
2026-03-09,SKU-001,Electronics Item 1,Electronics,84,0
2026-03-16,SKU-001,Electronics Item 1,Electronics,85,0
2026-03-23,SKU-001,Electronics Item 1,Electronics,123,1
2026-03-30,SKU-001,Electronics Item 1,Electronics,98,0
2026-04-06,SKU-001,Electronics Item 1,Electronics,96,0
2026-04-13,SKU-001,Electronics Item 1,Electronics,86,0
2026-04-20,SKU-001,Electronics Item 1,Electronics,79,0
2026-04-27,SKU-001,Electronics Item 1,Electronics,93,0
2026-05-04,SKU-001,Electronics Item 1,Electronics,100,0
2026-05-11,SKU-001,Electronics Item 1,Electronics,126,0
2026-05-18,SKU-001,Electronics Item 1,Electronics,110,0
2026-05-25,SKU-001,Electronics Item 1,Electronics,126,0
2026-06-01,SKU-001,Electronics Item 1,Electronics,111,0
2026-06-08,SKU-001,Electronics Item 1,Electronics,132,1
2026-06-15,SKU-001,Electronics Item 1,Electronics,115,0
2026-06-22,SKU-001,Electronics Item 1,Electronics,160,0
2026-06-29,SKU-001,Electronics Item 1,Electronics,115,0
2026-07-06,SKU-001,Electronics Item 1,Electronics,139,0
2026-07-13,SKU-001,Electronics Item 1,Electronics,110,0
2026-07-20,SKU-001,Electronics Item 1,Electronics,135,0
2026-07-27,SKU-001,Electronics Item 1,Electronics,124,0
2026-08-03,SKU-001,Electronics Item 1,Electronics,115,0
2026-08-10,SKU-001,Electronics Item 1,Electronics,116,0
2026-08-17,SKU-001,Electronics Item 1,Electronics,108,0
2026-08-24,SKU-001,Electronics Item 1,Electronics,125,0
2026-08-31,SKU-001,Electronics Item 1,Electronics,114,0
2026-09-07,SKU-001,Electronics Item 1,Electronics,103,0
2026-09-14,SKU-001,Electronics Item 1,Electronics,102,0
2026-09-21,SKU-001,Electronics Item 1,Electronics,120,0
2026-09-28,SKU-001,Electronics Item 1,Electronics,136,0
2024-01-01,SKU-002,Electronics Item 2,Electronics,308,1
2024-01-08,SKU-002,Electronics Item 2,Electronics,226,0
2024-01-15,SKU-002,Electronics Item 2,Electronics,213,0
2024-01-22,SKU-002,Electronics Item 2,Electronics,215,0
2024-01-29,SKU-002,Electronics Item 2,Electronics,243,1
2024-02-05,SKU-002,Electronics Item 2,Electronics,204,0
2024-02-12,SKU-002,Electronics Item 2,Electronics,138,0
2024-02-19,SKU-002,Electronics Item 2,Electronics,180,0
2024-02-26,SKU-002,Electronics Item 2,Electronics,162,0
2024-03-04,SKU-002,Electronics Item 2,Electronics,216,1
2024-03-11,SKU-002,Electronics Item 2,Electronics,178,0
2024-03-18,SKU-002,Electronics Item 2,Electronics,210,0
2024-03-25,SKU-002,Electronics Item 2,Electronics,161,0
2024-04-01,SKU-002,Electronics Item 2,Electronics,194,0
2024-04-08,SKU-002,Electronics Item 2,Electronics,183,0
2024-04-15,SKU-002,Electronics Item 2,Electronics,186,0
2024-04-22,SKU-002,Electronics Item 2,Electronics,216,0
2024-04-29,SKU-002,Electronics Item 2,Electronics,301,1
2024-05-06,SKU-002,Electronics Item 2,Electronics,190,0
2024-05-13,SKU-002,Electronics Item 2,Electronics,180,0
2024-05-20,SKU-002,Electronics Item 2,Electronics,197,0
2024-05-27,SKU-002,Electronics Item 2,Electronics,217,0
2024-06-03,SKU-002,Electronics Item 2,Electronics,227,0
2024-06-10,SKU-002,Electronics Item 2,Electronics,204,0
2024-06-17,SKU-002,Electronics Item 2,Electronics,251,0
2024-06-24,SKU-002,Electronics Item 2,Electronics,267,0
2024-07-01,SKU-002,Electronics Item 2,Electronics,350,0
2024-07-08,SKU-002,Electronics Item 2,Electronics,337,0
2024-07-15,SKU-002,Electronics Item 2,Electronics,249,0
2024-07-22,SKU-002,Electronics Item 2,Electronics,269,0
2024-07-29,SKU-002,Electronics Item 2,Electronics,230,0
2024-08-05,SKU-002,Electronics Item 2,Electronics,260,0
2024-08-12,SKU-002,Electronics Item 2,Electronics,293,0
2024-08-19,SKU-002,Electronics Item 2,Electronics,311,1
2024-08-26,SKU-002,Electronics Item 2,Electronics,273,0
2024-09-02,SKU-002,Electronics Item 2,Electronics,367,1
2024-09-09,SKU-002,Electronics Item 2,Electronics,276,0
2024-09-16,SKU-002,Electronics Item 2,Electronics,305,0
2024-09-23,SKU-002,Electronics Item 2,Electronics,297,0
2024-09-30,SKU-002,Electronics Item 2,Electronics,330,0
2024-10-07,SKU-002,Electronics Item 2,Electronics,262,0
2024-10-14,SKU-002,Electronics Item 2,Electronics,268,0
2024-10-21,SKU-002,Electronics Item 2,Electronics,397,0
2024-10-28,SKU-002,Electronics Item 2,Electronics,258,0
2024-11-04,SKU-002,Electronics Item 2,Electronics,257,0
2024-11-11,SKU-002,Electronics Item 2,Electronics,353,0
2024-11-18,SKU-002,Electronics Item 2,Electronics,385,0
2024-11-25,SKU-002,Electronics Item 2,Electronics,244,0
2024-12-02,SKU-002,Electronics Item 2,Electronics,271,0
2024-12-09,SKU-002,Electronics Item 2,Electronics,296,0
2024-12-16,SKU-002,Electronics Item 2,Electronics,350,1
2024-12-23,SKU-002,Electronics Item 2,Electronics,273,0
2024-12-30,SKU-002,Electronics Item 2,Electronics,301,0
2025-01-06,SKU-002,Electronics Item 2,Electronics,281,0
2025-01-13,SKU-002,Electronics Item 2,Electronics,244,0
2025-01-20,SKU-002,Electronics Item 2,Electronics,240,0
2025-01-27,SKU-002,Electronics Item 2,Electronics,194,0
2025-02-03,SKU-002,Electronics Item 2,Electronics,217,0
2025-02-10,SKU-002,Electronics Item 2,Electronics,209,0
2025-02-17,SKU-002,Electronics Item 2,Electronics,219,0
2025-02-24,SKU-002,Electronics Item 2,Electronics,198,0
2025-03-03,SKU-002,Electronics Item 2,Electronics,226,0
2025-03-10,SKU-002,Electronics Item 2,Electronics,244,0
2025-03-17,SKU-002,Electronics Item 2,Electronics,226,0
2025-03-24,SKU-002,Electronics Item 2,Electronics,235,0
2025-03-31,SKU-002,Electronics Item 2,Electronics,229,0
2025-04-07,SKU-002,Electronics Item 2,Electronics,228,0
2025-04-14,SKU-002,Electronics Item 2,Electronics,207,0
2025-04-21,SKU-002,Electronics Item 2,Electronics,234,0
2025-04-28,SKU-002,Electronics Item 2,Electronics,222,0
2025-05-05,SKU-002,Electronics Item 2,Electronics,283,0
2025-05-12,SKU-002,Electronics Item 2,Electronics,273,0
2025-05-19,SKU-002,Electronics Item 2,Electronics,247,0
2025-05-26,SKU-002,Electronics Item 2,Electronics,224,0
2025-06-02,SKU-002,Electronics Item 2,Electronics,225,0
2025-06-09,SKU-002,Electronics Item 2,Electronics,314,0
2025-06-16,SKU-002,Electronics Item 2,Electronics,298,0
2025-06-23,SKU-002,Electronics Item 2,Electronics,320,0
2025-06-30,SKU-002,Electronics Item 2,Electronics,247,0
2025-07-07,SKU-002,Electronics Item 2,Electronics,356,0
2025-07-14,SKU-002,Electronics Item 2,Electronics,341,0
2025-07-21,SKU-002,Electronics Item 2,Electronics,281,0
2025-07-28,SKU-002,Electronics Item 2,Electronics,306,0
2025-08-04,SKU-002,Electronics Item 2,Electronics,336,0
2025-08-11,SKU-002,Electronics Item 2,Electronics,330,0
2025-08-18,SKU-002,Electronics Item 2,Electronics,323,0
2025-08-25,SKU-002,Electronics Item 2,Electronics,340,0
2025-09-01,SKU-002,Electronics Item 2,Electronics,345,0
2025-09-08,SKU-002,Electronics Item 2,Electronics,564,1
2025-09-15,SKU-002,Electronics Item 2,Electronics,262,0
2025-09-22,SKU-002,Electronics Item 2,Electronics,374,0
2025-09-29,SKU-002,Electronics Item 2,Electronics,395,0
2025-10-06,SKU-002,Electronics Item 2,Electronics,398,0
2025-10-13,SKU-002,Electronics Item 2,Electronics,360,0
2025-10-20,SKU-002,Electronics Item 2,Electronics,288,0
2025-10-27,SKU-002,Electronics Item 2,Electronics,368,0
2025-11-03,SKU-002,Electronics Item 2,Electronics,414,0
2025-11-10,SKU-002,Electronics Item 2,Electronics,273,0
2025-11-17,SKU-002,Electronics Item 2,Electronics,364,0
2025-11-24,SKU-002,Electronics Item 2,Electronics,315,0
2025-12-01,SKU-002,Electronics Item 2,Electronics,325,0
2025-12-08,SKU-002,Electronics Item 2,Electronics,287,0
2025-12-15,SKU-002,Electronics Item 2,Electronics,315,0
2025-12-22,SKU-002,Electronics Item 2,Electronics,375,0
2025-12-29,SKU-002,Electronics Item 2,Electronics,340,0
2026-01-05,SKU-002,Electronics Item 2,Electronics,371,0
2026-01-12,SKU-002,Electronics Item 2,Electronics,336,0
2026-01-19,SKU-002,Electronics Item 2,Electronics,296,0
2026-01-26,SKU-002,Electronics Item 2,Electronics,324,0
2026-02-02,SKU-002,Electronics Item 2,Electronics,270,0
2026-02-09,SKU-002,Electronics Item 2,Electronics,273,0
2026-02-16,SKU-002,Electronics Item 2,Electronics,236,0
2026-02-23,SKU-002,Electronics Item 2,Electronics,246,0
2026-03-02,SKU-002,Electronics Item 2,Electronics,225,0
2026-03-09,SKU-002,Electronics Item 2,Electronics,280,0
2026-03-16,SKU-002,Electronics Item 2,Electronics,218,0
2026-03-23,SKU-002,Electronics Item 2,Electronics,282,0
2026-03-30,SKU-002,Electronics Item 2,Electronics,254,0
2026-04-06,SKU-002,Electronics Item 2,Electronics,380,1
2026-04-13,SKU-002,Electronics Item 2,Electronics,317,0
2026-04-20,SKU-002,Electronics Item 2,Electronics,281,0
2026-04-27,SKU-002,Electronics Item 2,Electronics,209,0
2026-05-04,SKU-002,Electronics Item 2,Electronics,256,0
2026-05-11,SKU-002,Electronics Item 2,Electronics,226,0
2026-05-18,SKU-002,Electronics Item 2,Electronics,254,0
2026-05-25,SKU-002,Electronics Item 2,Electronics,333,0
2026-06-01,SKU-002,Electronics Item 2,Electronics,320,0
2026-06-08,SKU-002,Electronics Item 2,Electronics,287,0
2026-06-15,SKU-002,Electronics Item 2,Electronics,476,1
2026-06-22,SKU-002,Electronics Item 2,Electronics,295,0
2026-06-29,SKU-002,Electronics Item 2,Electronics,437,1
2026-07-06,SKU-002,Electronics Item 2,Electronics,416,0
2026-07-13,SKU-002,Electronics Item 2,Electronics,396,0
2026-07-20,SKU-002,Electronics Item 2,Electronics,268,0
2026-07-27,SKU-002,Electronics Item 2,Electronics,384,0
2026-08-03,SKU-002,Electronics Item 2,Electronics,374,0
2026-08-10,SKU-002,Electronics Item 2,Electronics,393,0
2026-08-17,SKU-002,Electronics Item 2,Electronics,455,0
2026-08-24,SKU-002,Electronics Item 2,Electronics,295,0
2026-08-31,SKU-002,Electronics Item 2,Electronics,376,0
2026-09-07,SKU-002,Electronics Item 2,Electronics,448,0
2026-09-14,SKU-002,Electronics Item 2,Electronics,348,0
2026-09-21,SKU-002,Electronics Item 2,Electronics,516,0
2026-09-28,SKU-002,Electronics Item 2,Electronics,654,1
2024-01-01,SKU-003,Electronics Item 3,Electronics,273,0
2024-01-08,SKU-003,Electronics Item 3,Electronics,262,0
2024-01-15,SKU-003,Electronics Item 3,Electronics,313,0
2024-01-22,SKU-003,Electronics Item 3,Electronics,238,0
2024-01-29,SKU-003,Electronics Item 3,Electronics,188,0
2024-02-05,SKU-003,Electronics Item 3,Electronics,302,0
2024-02-12,SKU-003,Electronics Item 3,Electronics,247,0
2024-02-19,SKU-003,Electronics Item 3,Electronics,276,0
2024-02-26,SKU-003,Electronics Item 3,Electronics,328,0
2024-03-04,SKU-003,Electronics Item 3,Electronics,236,0
2024-03-11,SKU-003,Electronics Item 3,Electronics,255,0
2024-03-18,SKU-003,Electronics Item 3,Electronics,353,1
2024-03-25,SKU-003,Electronics Item 3,Electronics,319,0
2024-04-01,SKU-003,Electronics Item 3,Electronics,320,0
2024-04-08,SKU-003,Electronics Item 3,Electronics,306,0
2024-04-15,SKU-003,Electronics Item 3,Electronics,242,0
2024-04-22,SKU-003,Electronics Item 3,Electronics,209,0
2024-04-29,SKU-003,Electronics Item 3,Electronics,291,0
2024-05-06,SKU-003,Electronics Item 3,Electronics,381,1
2024-05-13,SKU-003,Electronics Item 3,Electronics,358,1
2024-05-20,SKU-003,Electronics Item 3,Electronics,333,0
2024-05-27,SKU-003,Electronics Item 3,Electronics,321,0
2024-06-03,SKU-003,Electronics Item 3,Electronics,337,0
2024-06-10,SKU-003,Electronics Item 3,Electronics,292,0
2024-06-17,SKU-003,Electronics Item 3,Electronics,310,0
2024-06-24,SKU-003,Electronics Item 3,Electronics,473,1
2024-07-01,SKU-003,Electronics Item 3,Electronics,288,0
2024-07-08,SKU-003,Electronics Item 3,Electronics,311,0
2024-07-15,SKU-003,Electronics Item 3,Electronics,275,0
2024-07-22,SKU-003,Electronics Item 3,Electronics,272,0
2024-07-29,SKU-003,Electronics Item 3,Electronics,299,0
2024-08-05,SKU-003,Electronics Item 3,Electronics,206,0
2024-08-12,SKU-003,Electronics Item 3,Electronics,230,0
2024-08-19,SKU-003,Electronics Item 3,Electronics,226,0
2024-08-26,SKU-003,Electronics Item 3,Electronics,200,0
2024-09-02,SKU-003,Electronics Item 3,Electronics,257,0
2024-09-09,SKU-003,Electronics Item 3,Electronics,305,0
2024-09-16,SKU-003,Electronics Item 3,Electronics,267,0
2024-09-23,SKU-003,Electronics Item 3,Electronics,278,0
2024-09-30,SKU-003,Electronics Item 3,Electronics,298,0
2024-10-07,SKU-003,Electronics Item 3,Electronics,297,0
2024-10-14,SKU-003,Electronics Item 3,Electronics,247,0
2024-10-21,SKU-003,Electronics Item 3,Electronics,284,0
2024-10-28,SKU-003,Electronics Item 3,Electronics,246,0
2024-11-04,SKU-003,Electronics Item 3,Electronics,220,0
2024-11-11,SKU-003,Electronics Item 3,Electronics,232,0
2024-11-18,SKU-003,Electronics Item 3,Electronics,211,0
2024-11-25,SKU-003,Electronics Item 3,Electronics,236,0
2024-12-02,SKU-003,Electronics Item 3,Electronics,260,0
2024-12-09,SKU-003,Electronics Item 3,Electronics,304,0
2024-12-16,SKU-003,Electronics Item 3,Electronics,338,0
2024-12-23,SKU-003,Electronics Item 3,Electronics,234,0
2024-12-30,SKU-003,Electronics Item 3,Electronics,292,0
2025-01-06,SKU-003,Electronics Item 3,Electronics,390,1
2025-01-13,SKU-003,Electronics Item 3,Electronics,270,0
2025-01-20,SKU-003,Electronics Item 3,Electronics,214,0
2025-01-27,SKU-003,Electronics Item 3,Electronics,308,0
2025-02-03,SKU-003,Electronics Item 3,Electronics,263,0
2025-02-10,SKU-003,Electronics Item 3,Electronics,275,0
2025-02-17,SKU-003,Electronics Item 3,Electronics,266,0
2025-02-24,SKU-003,Electronics Item 3,Electronics,429,1
2025-03-03,SKU-003,Electronics Item 3,Electronics,320,0
2025-03-10,SKU-003,Electronics Item 3,Electronics,349,0
2025-03-17,SKU-003,Electronics Item 3,Electronics,354,0
2025-03-24,SKU-003,Electronics Item 3,Electronics,393,0
2025-03-31,SKU-003,Electronics Item 3,Electronics,323,0
2025-04-07,SKU-003,Electronics Item 3,Electronics,273,0
2025-04-14,SKU-003,Electronics Item 3,Electronics,369,0
2025-04-21,SKU-003,Electronics Item 3,Electronics,311,0
2025-04-28,SKU-003,Electronics Item 3,Electronics,367,0
2025-05-05,SKU-003,Electronics Item 3,Electronics,342,0
2025-05-12,SKU-003,Electronics Item 3,Electronics,328,0
2025-05-19,SKU-003,Electronics Item 3,Electronics,355,0
2025-05-26,SKU-003,Electronics Item 3,Electronics,430,0
2025-06-02,SKU-003,Electronics Item 3,Electronics,442,0
2025-06-09,SKU-003,Electronics Item 3,Electronics,359,0
2025-06-16,SKU-003,Electronics Item 3,Electronics,493,1
2025-06-23,SKU-003,Electronics Item 3,Electronics,312,0
2025-06-30,SKU-003,Electronics Item 3,Electronics,351,0
2025-07-07,SKU-003,Electronics Item 3,Electronics,455,1
2025-07-14,SKU-003,Electronics Item 3,Electronics,285,0
2025-07-21,SKU-003,Electronics Item 3,Electronics,249,0
2025-07-28,SKU-003,Electronics Item 3,Electronics,228,0
2025-08-04,SKU-003,Electronics Item 3,Electronics,261,0
2025-08-11,SKU-003,Electronics Item 3,Electronics,286,0
2025-08-18,SKU-003,Electronics Item 3,Electronics,296,0
2025-08-25,SKU-003,Electronics Item 3,Electronics,382,0
2025-09-01,SKU-003,Electronics Item 3,Electronics,354,0
2025-09-08,SKU-003,Electronics Item 3,Electronics,276,0
2025-09-15,SKU-003,Electronics Item 3,Electronics,321,0
2025-09-22,SKU-003,Electronics Item 3,Electronics,287,0
2025-09-29,SKU-003,Electronics Item 3,Electronics,283,0
2025-10-06,SKU-003,Electronics Item 3,Electronics,291,0
2025-10-13,SKU-003,Electronics Item 3,Electronics,298,0
2025-10-20,SKU-003,Electronics Item 3,Electronics,261,0
2025-10-27,SKU-003,Electronics Item 3,Electronics,305,0
2025-11-03,SKU-003,Electronics Item 3,Electronics,235,0
2025-11-10,SKU-003,Electronics Item 3,Electronics,278,0
2025-11-17,SKU-003,Electronics Item 3,Electronics,374,0
2025-11-24,SKU-003,Electronics Item 3,Electronics,302,0
2025-12-01,SKU-003,Electronics Item 3,Electronics,354,0
2025-12-08,SKU-003,Electronics Item 3,Electronics,311,0
2025-12-15,SKU-003,Electronics Item 3,Electronics,440,1
2025-12-22,SKU-003,Electronics Item 3,Electronics,368,1
2025-12-29,SKU-003,Electronics Item 3,Electronics,325,0
2026-01-05,SKU-003,Electronics Item 3,Electronics,275,0
2026-01-12,SKU-003,Electronics Item 3,Electronics,328,0
2026-01-19,SKU-003,Electronics Item 3,Electronics,344,0
2026-01-26,SKU-003,Electronics Item 3,Electronics,321,0
2026-02-02,SKU-003,Electronics Item 3,Electronics,304,0
2026-02-09,SKU-003,Electronics Item 3,Electronics,343,0
2026-02-16,SKU-003,Electronics Item 3,Electronics,325,0
2026-02-23,SKU-003,Electronics Item 3,Electronics,391,0
2026-03-02,SKU-003,Electronics Item 3,Electronics,283,0
2026-03-09,SKU-003,Electronics Item 3,Electronics,357,0
2026-03-16,SKU-003,Electronics Item 3,Electronics,286,0
2026-03-23,SKU-003,Electronics Item 3,Electronics,308,0
2026-03-30,SKU-003,Electronics Item 3,Electronics,433,0
2026-04-06,SKU-003,Electronics Item 3,Electronics,406,0
2026-04-13,SKU-003,Electronics Item 3,Electronics,330,0
2026-04-20,SKU-003,Electronics Item 3,Electronics,293,0
2026-04-27,SKU-003,Electronics Item 3,Electronics,230,0
2026-05-04,SKU-003,Electronics Item 3,Electronics,338,0
2026-05-11,SKU-003,Electronics Item 3,Electronics,475,0
2026-05-18,SKU-003,Electronics Item 3,Electronics,396,0
2026-05-25,SKU-003,Electronics Item 3,Electronics,359,0
2026-06-01,SKU-003,Electronics Item 3,Electronics,413,0
2026-06-08,SKU-003,Electronics Item 3,Electronics,516,1
2026-06-15,SKU-003,Electronics Item 3,Electronics,395,0
2026-06-22,SKU-003,Electronics Item 3,Electronics,379,0
2026-06-29,SKU-003,Electronics Item 3,Electronics,408,0
2026-07-06,SKU-003,Electronics Item 3,Electronics,376,0
2026-07-13,SKU-003,Electronics Item 3,Electronics,377,0
2026-07-20,SKU-003,Electronics Item 3,Electronics,312,0
2026-07-27,SKU-003,Electronics Item 3,Electronics,370,0
2026-08-03,SKU-003,Electronics Item 3,Electronics,425,1
2026-08-10,SKU-003,Electronics Item 3,Electronics,298,0
2026-08-17,SKU-003,Electronics Item 3,Electronics,392,0
2026-08-24,SKU-003,Electronics Item 3,Electronics,334,0
2026-08-31,SKU-003,Electronics Item 3,Electronics,402,0
2026-09-07,SKU-003,Electronics Item 3,Electronics,325,0
2026-09-14,SKU-003,Electronics Item 3,Electronics,399,0
2026-09-21,SKU-003,Electronics Item 3,Electronics,338,0
2026-09-28,SKU-003,Electronics Item 3,Electronics,333,0
2024-01-01,SKU-004,Electronics Item 4,Electronics,261,0
2024-01-08,SKU-004,Electronics Item 4,Electronics,370,1
2024-01-15,SKU-004,Electronics Item 4,Electronics,258,0
2024-01-22,SKU-004,Electronics Item 4,Electronics,310,0
2024-01-29,SKU-004,Electronics Item 4,Electronics,243,0
2024-02-05,SKU-004,Electronics Item 4,Electronics,231,0
2024-02-12,SKU-004,Electronics Item 4,Electronics,213,0
2024-02-19,SKU-004,Electronics Item 4,Electronics,201,0
2024-02-26,SKU-004,Electronics Item 4,Electronics,192,0
2024-03-04,SKU-004,Electronics Item 4,Electronics,201,0
2024-03-11,SKU-004,Electronics Item 4,Electronics,224,0
2024-03-18,SKU-004,Electronics Item 4,Electronics,329,1
2024-03-25,SKU-004,Electronics Item 4,Electronics,212,0
2024-04-01,SKU-004,Electronics Item 4,Electronics,263,0
2024-04-08,SKU-004,Electronics Item 4,Electronics,260,0
2024-04-15,SKU-004,Electronics Item 4,Electronics,234,0
2024-04-22,SKU-004,Electronics Item 4,Electronics,217,0
2024-04-29,SKU-004,Electronics Item 4,Electronics,246,0
2024-05-06,SKU-004,Electronics Item 4,Electronics,229,0
2024-05-13,SKU-004,Electronics Item 4,Electronics,179,0
2024-05-20,SKU-004,Electronics Item 4,Electronics,209,0
2024-05-27,SKU-004,Electronics Item 4,Electronics,213,0
2024-06-03,SKU-004,Electronics Item 4,Electronics,182,0
2024-06-10,SKU-004,Electronics Item 4,Electronics,210,0
2024-06-17,SKU-004,Electronics Item 4,Electronics,172,0
2024-06-24,SKU-004,Electronics Item 4,Electronics,246,0
2024-07-01,SKU-004,Electronics Item 4,Electronics,249,0
2024-07-08,SKU-004,Electronics Item 4,Electronics,213,0
2024-07-15,SKU-004,Electronics Item 4,Electronics,230,0
2024-07-22,SKU-004,Electronics Item 4,Electronics,156,0
2024-07-29,SKU-004,Electronics Item 4,Electronics,301,1
2024-08-05,SKU-004,Electronics Item 4,Electronics,185,0
2024-08-12,SKU-004,Electronics Item 4,Electronics,226,0
2024-08-19,SKU-004,Electronics Item 4,Electronics,241,1
2024-08-26,SKU-004,Electronics Item 4,Electronics,183,0
2024-09-02,SKU-004,Electronics Item 4,Electronics,210,0
2024-09-09,SKU-004,Electronics Item 4,Electronics,249,0
2024-09-16,SKU-004,Electronics Item 4,Electronics,320,1
2024-09-23,SKU-004,Electronics Item 4,Electronics,271,0
2024-09-30,SKU-004,Electronics Item 4,Electronics,184,0
2024-10-07,SKU-004,Electronics Item 4,Electronics,199,0
2024-10-14,SKU-004,Electronics Item 4,Electronics,227,0
2024-10-21,SKU-004,Electronics Item 4,Electronics,226,0
2024-10-28,SKU-004,Electronics Item 4,Electronics,264,0
2024-11-04,SKU-004,Electronics Item 4,Electronics,244,0
2024-11-11,SKU-004,Electronics Item 4,Electronics,184,0
2024-11-18,SKU-004,Electronics Item 4,Electronics,246,0
2024-11-25,SKU-004,Electronics Item 4,Electronics,215,0
2024-12-02,SKU-004,Electronics Item 4,Electronics,269,0
2024-12-09,SKU-004,Electronics Item 4,Electronics,220,0
2024-12-16,SKU-004,Electronics Item 4,Electronics,225,0
2024-12-23,SKU-004,Electronics Item 4,Electronics,268,0
2024-12-30,SKU-004,Electronics Item 4,Electronics,283,0
2025-01-06,SKU-004,Electronics Item 4,Electronics,278,0
2025-01-13,SKU-004,Electronics Item 4,Electronics,213,0
2025-01-20,SKU-004,Electronics Item 4,Electronics,283,0
2025-01-27,SKU-004,Electronics Item 4,Electronics,230,0
2025-02-03,SKU-004,Electronics Item 4,Electronics,264,0
2025-02-10,SKU-004,Electronics Item 4,Electronics,208,0
2025-02-17,SKU-004,Electronics Item 4,Electronics,258,0
2025-02-24,SKU-004,Electronics Item 4,Electronics,218,0
2025-03-03,SKU-004,Electronics Item 4,Electronics,203,0
2025-03-10,SKU-004,Electronics Item 4,Electronics,263,0
2025-03-17,SKU-004,Electronics Item 4,Electronics,252,0
2025-03-24,SKU-004,Electronics Item 4,Electronics,231,0
2025-03-31,SKU-004,Electronics Item 4,Electronics,298,0
2025-04-07,SKU-004,Electronics Item 4,Electronics,361,1
2025-04-14,SKU-004,Electronics Item 4,Electronics,263,0
2025-04-21,SKU-004,Electronics Item 4,Electronics,233,0
2025-04-28,SKU-004,Electronics Item 4,Electronics,260,0
2025-05-05,SKU-004,Electronics Item 4,Electronics,224,0
2025-05-12,SKU-004,Electronics Item 4,Electronics,220,0
2025-05-19,SKU-004,Electronics Item 4,Electronics,261,0
2025-05-26,SKU-004,Electronics Item 4,Electronics,193,0
2025-06-02,SKU-004,Electronics Item 4,Electronics,155,0
2025-06-09,SKU-004,Electronics Item 4,Electronics,262,0
2025-06-16,SKU-004,Electronics Item 4,Electronics,291,0
2025-06-23,SKU-004,Electronics Item 4,Electronics,216,0
2025-06-30,SKU-004,Electronics Item 4,Electronics,177,0
2025-07-07,SKU-004,Electronics Item 4,Electronics,225,0
2025-07-14,SKU-004,Electronics Item 4,Electronics,283,1
2025-07-21,SKU-004,Electronics Item 4,Electronics,203,0
2025-07-28,SKU-004,Electronics Item 4,Electronics,247,0
2025-08-04,SKU-004,Electronics Item 4,Electronics,241,0
2025-08-11,SKU-004,Electronics Item 4,Electronics,182,0
2025-08-18,SKU-004,Electronics Item 4,Electronics,237,0
2025-08-25,SKU-004,Electronics Item 4,Electronics,271,0
2025-09-01,SKU-004,Electronics Item 4,Electronics,223,0
2025-09-08,SKU-004,Electronics Item 4,Electronics,213,0
2025-09-15,SKU-004,Electronics Item 4,Electronics,225,0
2025-09-22,SKU-004,Electronics Item 4,Electronics,254,0
2025-09-29,SKU-004,Electronics Item 4,Electronics,301,1
2025-10-06,SKU-004,Electronics Item 4,Electronics,199,0
2025-10-13,SKU-004,Electronics Item 4,Electronics,260,0
2025-10-20,SKU-004,Electronics Item 4,Electronics,245,0
2025-10-27,SKU-004,Electronics Item 4,Electronics,313,0
2025-11-03,SKU-004,Electronics Item 4,Electronics,362,1
2025-11-10,SKU-004,Electronics Item 4,Electronics,217,0
2025-11-17,SKU-004,Electronics Item 4,Electronics,265,0
2025-11-24,SKU-004,Electronics Item 4,Electronics,256,0
2025-12-01,SKU-004,Electronics Item 4,Electronics,223,0
2025-12-08,SKU-004,Electronics Item 4,Electronics,259,0
2025-12-15,SKU-004,Electronics Item 4,Electronics,298,0
2025-12-22,SKU-004,Electronics Item 4,Electronics,258,0
2025-12-29,SKU-004,Electronics Item 4,Electronics,220,0
2026-01-05,SKU-004,Electronics Item 4,Electronics,281,0
2026-01-12,SKU-004,Electronics Item 4,Electronics,253,0
2026-01-19,SKU-004,Electronics Item 4,Electronics,272,0
2026-01-26,SKU-004,Electronics Item 4,Electronics,277,0
2026-02-02,SKU-004,Electronics Item 4,Electronics,218,0
2026-02-09,SKU-004,Electronics Item 4,Electronics,215,0
2026-02-16,SKU-004,Electronics Item 4,Electronics,276,0
2026-02-23,SKU-004,Electronics Item 4,Electronics,241,0
2026-03-02,SKU-004,Electronics Item 4,Electronics,177,0
2026-03-09,SKU-004,Electronics Item 4,Electronics,282,0
2026-03-16,SKU-004,Electronics Item 4,Electronics,270,0
2026-03-23,SKU-004,Electronics Item 4,Electronics,243,0
2026-03-30,SKU-004,Electronics Item 4,Electronics,363,1
2026-04-06,SKU-004,Electronics Item 4,Electronics,419,1
2026-04-13,SKU-004,Electronics Item 4,Electronics,285,0
2026-04-20,SKU-004,Electronics Item 4,Electronics,281,0
2026-04-27,SKU-004,Electronics Item 4,Electronics,399,1
2026-05-04,SKU-004,Electronics Item 4,Electronics,273,0
2026-05-11,SKU-004,Electronics Item 4,Electronics,283,0
2026-05-18,SKU-004,Electronics Item 4,Electronics,224,0
2026-05-25,SKU-004,Electronics Item 4,Electronics,222,0
2026-06-01,SKU-004,Electronics Item 4,Electronics,219,0
2026-06-08,SKU-004,Electronics Item 4,Electronics,255,0
2026-06-15,SKU-004,Electronics Item 4,Electronics,279,0
2026-06-22,SKU-004,Electronics Item 4,Electronics,228,0
2026-06-29,SKU-004,Electronics Item 4,Electronics,233,0
2026-07-06,SKU-004,Electronics Item 4,Electronics,258,0
2026-07-13,SKU-004,Electronics Item 4,Electronics,243,0
2026-07-20,SKU-004,Electronics Item 4,Electronics,277,0
2026-07-27,SKU-004,Electronics Item 4,Electronics,179,0
2026-08-03,SKU-004,Electronics Item 4,Electronics,217,0
2026-08-10,SKU-004,Electronics Item 4,Electronics,214,0
2026-08-17,SKU-004,Electronics Item 4,Electronics,167,0
2026-08-24,SKU-004,Electronics Item 4,Electronics,204,0
2026-08-31,SKU-004,Electronics Item 4,Electronics,207,0
2026-09-07,SKU-004,Electronics Item 4,Electronics,231,0
2026-09-14,SKU-004,Electronics Item 4,Electronics,276,0
2026-09-21,SKU-004,Electronics Item 4,Electronics,244,0
2026-09-28,SKU-004,Electronics Item 4,Electronics,228,0
2024-01-01,SKU-005,Electronics Item 5,Electronics,393,1
2024-01-08,SKU-005,Electronics Item 5,Electronics,260,0
2024-01-15,SKU-005,Electronics Item 5,Electronics,276,0
2024-01-22,SKU-005,Electronics Item 5,Electronics,216,0
2024-01-29,SKU-005,Electronics Item 5,Electronics,334,1
2024-02-05,SKU-005,Electronics Item 5,Electronics,241,0
2024-02-12,SKU-005,Electronics Item 5,Electronics,247,0
2024-02-19,SKU-005,Electronics Item 5,Electronics,219,0
2024-02-26,SKU-005,Electronics Item 5,Electronics,227,0
2024-03-04,SKU-005,Electronics Item 5,Electronics,221,0
2024-03-11,SKU-005,Electronics Item 5,Electronics,236,0
2024-03-18,SKU-005,Electronics Item 5,Electronics,237,0
2024-03-25,SKU-005,Electronics Item 5,Electronics,175,0
2024-04-01,SKU-005,Electronics Item 5,Electronics,159,0
2024-04-08,SKU-005,Electronics Item 5,Electronics,242,0
2024-04-15,SKU-005,Electronics Item 5,Electronics,245,1
2024-04-22,SKU-005,Electronics Item 5,Electronics,159,0
2024-04-29,SKU-005,Electronics Item 5,Electronics,199,0
2024-05-06,SKU-005,Electronics Item 5,Electronics,209,0
2024-05-13,SKU-005,Electronics Item 5,Electronics,218,0
2024-05-20,SKU-005,Electronics Item 5,Electronics,183,0
2024-05-27,SKU-005,Electronics Item 5,Electronics,206,1
2024-06-03,SKU-005,Electronics Item 5,Electronics,164,0
2024-06-10,SKU-005,Electronics Item 5,Electronics,157,0
2024-06-17,SKU-005,Electronics Item 5,Electronics,144,0
2024-06-24,SKU-005,Electronics Item 5,Electronics,206,0
2024-07-01,SKU-005,Electronics Item 5,Electronics,203,0
2024-07-08,SKU-005,Electronics Item 5,Electronics,192,0
2024-07-15,SKU-005,Electronics Item 5,Electronics,150,0
2024-07-22,SKU-005,Electronics Item 5,Electronics,185,0
2024-07-29,SKU-005,Electronics Item 5,Electronics,178,0
2024-08-05,SKU-005,Electronics Item 5,Electronics,172,0
2024-08-12,SKU-005,Electronics Item 5,Electronics,185,0
2024-08-19,SKU-005,Electronics Item 5,Electronics,172,0
2024-08-26,SKU-005,Electronics Item 5,Electronics,175,0
2024-09-02,SKU-005,Electronics Item 5,Electronics,176,0
2024-09-09,SKU-005,Electronics Item 5,Electronics,176,0
2024-09-16,SKU-005,Electronics Item 5,Electronics,138,0
2024-09-23,SKU-005,Electronics Item 5,Electronics,199,1
2024-09-30,SKU-005,Electronics Item 5,Electronics,163,0
2024-10-07,SKU-005,Electronics Item 5,Electronics,240,0
2024-10-14,SKU-005,Electronics Item 5,Electronics,248,0
2024-10-21,SKU-005,Electronics Item 5,Electronics,243,0
2024-10-28,SKU-005,Electronics Item 5,Electronics,216,0
2024-11-04,SKU-005,Electronics Item 5,Electronics,243,0
2024-11-11,SKU-005,Electronics Item 5,Electronics,209,0
2024-11-18,SKU-005,Electronics Item 5,Electronics,213,0
2024-11-25,SKU-005,Electronics Item 5,Electronics,297,1
2024-12-02,SKU-005,Electronics Item 5,Electronics,214,0
2024-12-09,SKU-005,Electronics Item 5,Electronics,183,0
2024-12-16,SKU-005,Electronics Item 5,Electronics,223,0
2024-12-23,SKU-005,Electronics Item 5,Electronics,229,0
2024-12-30,SKU-005,Electronics Item 5,Electronics,289,0
2025-01-06,SKU-005,Electronics Item 5,Electronics,268,0
2025-01-13,SKU-005,Electronics Item 5,Electronics,244,0
2025-01-20,SKU-005,Electronics Item 5,Electronics,345,1
2025-01-27,SKU-005,Electronics Item 5,Electronics,231,0
2025-02-03,SKU-005,Electronics Item 5,Electronics,200,0
2025-02-10,SKU-005,Electronics Item 5,Electronics,250,1
2025-02-17,SKU-005,Electronics Item 5,Electronics,184,0
2025-02-24,SKU-005,Electronics Item 5,Electronics,224,0
2025-03-03,SKU-005,Electronics Item 5,Electronics,218,0
2025-03-10,SKU-005,Electronics Item 5,Electronics,287,1
2025-03-17,SKU-005,Electronics Item 5,Electronics,233,0
2025-03-24,SKU-005,Electronics Item 5,Electronics,236,0
2025-03-31,SKU-005,Electronics Item 5,Electronics,235,0
2025-04-07,SKU-005,Electronics Item 5,Electronics,209,0
2025-04-14,SKU-005,Electronics Item 5,Electronics,183,0
2025-04-21,SKU-005,Electronics Item 5,Electronics,271,1
2025-04-28,SKU-005,Electronics Item 5,Electronics,199,0
2025-05-05,SKU-005,Electronics Item 5,Electronics,281,1
2025-05-12,SKU-005,Electronics Item 5,Electronics,170,0
2025-05-19,SKU-005,Electronics Item 5,Electronics,141,0
2025-05-26,SKU-005,Electronics Item 5,Electronics,154,0
2025-06-02,SKU-005,Electronics Item 5,Electronics,162,0
2025-06-09,SKU-005,Electronics Item 5,Electronics,153,0
2025-06-16,SKU-005,Electronics Item 5,Electronics,147,0
2025-06-23,SKU-005,Electronics Item 5,Electronics,164,0
2025-06-30,SKU-005,Electronics Item 5,Electronics,151,0
2025-07-07,SKU-005,Electronics Item 5,Electronics,150,0
2025-07-14,SKU-005,Electronics Item 5,Electronics,169,0
2025-07-21,SKU-005,Electronics Item 5,Electronics,154,0
2025-07-28,SKU-005,Electronics Item 5,Electronics,164,0
2025-08-04,SKU-005,Electronics Item 5,Electronics,162,0
2025-08-11,SKU-005,Electronics Item 5,Electronics,134,0
2025-08-18,SKU-005,Electronics Item 5,Electronics,145,0
2025-08-25,SKU-005,Electronics Item 5,Electronics,181,0
2025-09-01,SKU-005,Electronics Item 5,Electronics,135,0
2025-09-08,SKU-005,Electronics Item 5,Electronics,121,0
2025-09-15,SKU-005,Electronics Item 5,Electronics,132,0
2025-09-22,SKU-005,Electronics Item 5,Electronics,178,0
2025-09-29,SKU-005,Electronics Item 5,Electronics,186,0
2025-10-06,SKU-005,Electronics Item 5,Electronics,190,0
2025-10-13,SKU-005,Electronics Item 5,Electronics,227,0
2025-10-20,SKU-005,Electronics Item 5,Electronics,136,0
2025-10-27,SKU-005,Electronics Item 5,Electronics,211,0
2025-11-03,SKU-005,Electronics Item 5,Electronics,239,0
2025-11-10,SKU-005,Electronics Item 5,Electronics,173,0
2025-11-17,SKU-005,Electronics Item 5,Electronics,191,0
2025-11-24,SKU-005,Electronics Item 5,Electronics,183,0
2025-12-01,SKU-005,Electronics Item 5,Electronics,182,0
2025-12-08,SKU-005,Electronics Item 5,Electronics,201,0
2025-12-15,SKU-005,Electronics Item 5,Electronics,253,0
2025-12-22,SKU-005,Electronics Item 5,Electronics,272,0
2025-12-29,SKU-005,Electronics Item 5,Electronics,220,0
2026-01-05,SKU-005,Electronics Item 5,Electronics,286,0
2026-01-12,SKU-005,Electronics Item 5,Electronics,235,0
2026-01-19,SKU-005,Electronics Item 5,Electronics,281,0
2026-01-26,SKU-005,Electronics Item 5,Electronics,225,0
2026-02-02,SKU-005,Electronics Item 5,Electronics,225,0
2026-02-09,SKU-005,Electronics Item 5,Electronics,224,0
2026-02-16,SKU-005,Electronics Item 5,Electronics,288,0
2026-02-23,SKU-005,Electronics Item 5,Electronics,224,0
2026-03-02,SKU-005,Electronics Item 5,Electronics,184,0
2026-03-09,SKU-005,Electronics Item 5,Electronics,223,0
2026-03-16,SKU-005,Electronics Item 5,Electronics,270,1
2026-03-23,SKU-005,Electronics Item 5,Electronics,223,0
2026-03-30,SKU-005,Electronics Item 5,Electronics,202,0
2026-04-06,SKU-005,Electronics Item 5,Electronics,206,0
2026-04-13,SKU-005,Electronics Item 5,Electronics,196,0
2026-04-20,SKU-005,Electronics Item 5,Electronics,198,0
2026-04-27,SKU-005,Electronics Item 5,Electronics,192,0
2026-05-04,SKU-005,Electronics Item 5,Electronics,134,0
2026-05-11,SKU-005,Electronics Item 5,Electronics,180,0
2026-05-18,SKU-005,Electronics Item 5,Electronics,140,0
2026-05-25,SKU-005,Electronics Item 5,Electronics,127,0
2026-06-01,SKU-005,Electronics Item 5,Electronics,150,0
2026-06-08,SKU-005,Electronics Item 5,Electronics,152,0
2026-06-15,SKU-005,Electronics Item 5,Electronics,139,0
2026-06-22,SKU-005,Electronics Item 5,Electronics,168,0
2026-06-29,SKU-005,Electronics Item 5,Electronics,130,0
2026-07-06,SKU-005,Electronics Item 5,Electronics,149,0
2026-07-13,SKU-005,Electronics Item 5,Electronics,145,0
2026-07-20,SKU-005,Electronics Item 5,Electronics,154,0
2026-07-27,SKU-005,Electronics Item 5,Electronics,159,0
2026-08-03,SKU-005,Electronics Item 5,Electronics,133,0
2026-08-10,SKU-005,Electronics Item 5,Electronics,162,0
2026-08-17,SKU-005,Electronics Item 5,Electronics,149,0
2026-08-24,SKU-005,Electronics Item 5,Electronics,115,0
2026-08-31,SKU-005,Electronics Item 5,Electronics,116,0
2026-09-07,SKU-005,Electronics Item 5,Electronics,156,0
2026-09-14,SKU-005,Electronics Item 5,Electronics,159,0
2026-09-21,SKU-005,Electronics Item 5,Electronics,168,0
2026-09-28,SKU-005,Electronics Item 5,Electronics,178,0
2024-01-01,SKU-006,Electronics Item 6,Electronics,211,0
2024-01-08,SKU-006,Electronics Item 6,Electronics,275,0
2024-01-15,SKU-006,Electronics Item 6,Electronics,299,0
2024-01-22,SKU-006,Electronics Item 6,Electronics,161,0
2024-01-29,SKU-006,Electronics Item 6,Electronics,0,0
2024-02-05,SKU-006,Electronics Item 6,Electronics,197,0
2024-02-12,SKU-006,Electronics Item 6,Electronics,271,0
2024-02-19,SKU-006,Electronics Item 6,Electronics,0,0
2024-02-26,SKU-006,Electronics Item 6,Electronics,329,0
2024-03-04,SKU-006,Electronics Item 6,Electronics,222,0
2024-03-11,SKU-006,Electronics Item 6,Electronics,358,0
2024-03-18,SKU-006,Electronics Item 6,Electronics,0,1
2024-03-25,SKU-006,Electronics Item 6,Electronics,288,0
2024-04-01,SKU-006,Electronics Item 6,Electronics,268,0
2024-04-08,SKU-006,Electronics Item 6,Electronics,262,0
2024-04-15,SKU-006,Electronics Item 6,Electronics,255,0
2024-04-22,SKU-006,Electronics Item 6,Electronics,0,0
2024-04-29,SKU-006,Electronics Item 6,Electronics,0,0
2024-05-06,SKU-006,Electronics Item 6,Electronics,506,1
2024-05-13,SKU-006,Electronics Item 6,Electronics,0,0
2024-05-20,SKU-006,Electronics Item 6,Electronics,209,0
2024-05-27,SKU-006,Electronics Item 6,Electronics,0,0
2024-06-03,SKU-006,Electronics Item 6,Electronics,0,0
2024-06-10,SKU-006,Electronics Item 6,Electronics,374,1
2024-06-17,SKU-006,Electronics Item 6,Electronics,323,0
2024-06-24,SKU-006,Electronics Item 6,Electronics,232,0
2024-07-01,SKU-006,Electronics Item 6,Electronics,0,0
2024-07-08,SKU-006,Electronics Item 6,Electronics,244,0
2024-07-15,SKU-006,Electronics Item 6,Electronics,142,0
2024-07-22,SKU-006,Electronics Item 6,Electronics,0,0
2024-07-29,SKU-006,Electronics Item 6,Electronics,156,0
2024-08-05,SKU-006,Electronics Item 6,Electronics,0,0
2024-08-12,SKU-006,Electronics Item 6,Electronics,0,0
2024-08-19,SKU-006,Electronics Item 6,Electronics,289,0
2024-08-26,SKU-006,Electronics Item 6,Electronics,215,0
2024-09-02,SKU-006,Electronics Item 6,Electronics,0,0
2024-09-09,SKU-006,Electronics Item 6,Electronics,273,1
2024-09-16,SKU-006,Electronics Item 6,Electronics,0,0
2024-09-23,SKU-006,Electronics Item 6,Electronics,178,0
2024-09-30,SKU-006,Electronics Item 6,Electronics,0,0
2024-10-07,SKU-006,Electronics Item 6,Electronics,179,0
2024-10-14,SKU-006,Electronics Item 6,Electronics,0,0
2024-10-21,SKU-006,Electronics Item 6,Electronics,184,0
2024-10-28,SKU-006,Electronics Item 6,Electronics,143,0
2024-11-04,SKU-006,Electronics Item 6,Electronics,226,0
2024-11-11,SKU-006,Electronics Item 6,Electronics,138,0
2024-11-18,SKU-006,Electronics Item 6,Electronics,222,0
2024-11-25,SKU-006,Electronics Item 6,Electronics,0,0
2024-12-02,SKU-006,Electronics Item 6,Electronics,0,0
2024-12-09,SKU-006,Electronics Item 6,Electronics,249,0
2024-12-16,SKU-006,Electronics Item 6,Electronics,0,0
2024-12-23,SKU-006,Electronics Item 6,Electronics,258,0
2024-12-30,SKU-006,Electronics Item 6,Electronics,274,0
2025-01-06,SKU-006,Electronics Item 6,Electronics,223,0
2025-01-13,SKU-006,Electronics Item 6,Electronics,0,0
2025-01-20,SKU-006,Electronics Item 6,Electronics,463,1
2025-01-27,SKU-006,Electronics Item 6,Electronics,282,0
2025-02-03,SKU-006,Electronics Item 6,Electronics,281,0
2025-02-10,SKU-006,Electronics Item 6,Electronics,335,0
2025-02-17,SKU-006,Electronics Item 6,Electronics,257,0
2025-02-24,SKU-006,Electronics Item 6,Electronics,354,0
2025-03-03,SKU-006,Electronics Item 6,Electronics,0,0
2025-03-10,SKU-006,Electronics Item 6,Electronics,0,0
2025-03-17,SKU-006,Electronics Item 6,Electronics,308,0
2025-03-24,SKU-006,Electronics Item 6,Electronics,356,0
2025-03-31,SKU-006,Electronics Item 6,Electronics,0,1
2025-04-07,SKU-006,Electronics Item 6,Electronics,213,0
2025-04-14,SKU-006,Electronics Item 6,Electronics,0,0
2025-04-21,SKU-006,Electronics Item 6,Electronics,313,0
2025-04-28,SKU-006,Electronics Item 6,Electronics,0,0
2025-05-05,SKU-006,Electronics Item 6,Electronics,0,0
2025-05-12,SKU-006,Electronics Item 6,Electronics,0,0
2025-05-19,SKU-006,Electronics Item 6,Electronics,465,1
2025-05-26,SKU-006,Electronics Item 6,Electronics,184,0
2025-06-02,SKU-006,Electronics Item 6,Electronics,179,0
2025-06-09,SKU-006,Electronics Item 6,Electronics,464,1
2025-06-16,SKU-006,Electronics Item 6,Electronics,316,0
2025-06-23,SKU-006,Electronics Item 6,Electronics,320,0
2025-06-30,SKU-006,Electronics Item 6,Electronics,278,0
2025-07-07,SKU-006,Electronics Item 6,Electronics,235,0
2025-07-14,SKU-006,Electronics Item 6,Electronics,287,0
2025-07-21,SKU-006,Electronics Item 6,Electronics,0,0
2025-07-28,SKU-006,Electronics Item 6,Electronics,270,0
2025-08-04,SKU-006,Electronics Item 6,Electronics,198,0
2025-08-11,SKU-006,Electronics Item 6,Electronics,315,1
2025-08-18,SKU-006,Electronics Item 6,Electronics,252,0
2025-08-25,SKU-006,Electronics Item 6,Electronics,222,0
2025-09-01,SKU-006,Electronics Item 6,Electronics,343,0
2025-09-08,SKU-006,Electronics Item 6,Electronics,294,0
2025-09-15,SKU-006,Electronics Item 6,Electronics,241,0
2025-09-22,SKU-006,Electronics Item 6,Electronics,0,0
2025-09-29,SKU-006,Electronics Item 6,Electronics,205,0
2025-10-06,SKU-006,Electronics Item 6,Electronics,0,0
2025-10-13,SKU-006,Electronics Item 6,Electronics,250,0
2025-10-20,SKU-006,Electronics Item 6,Electronics,0,0
2025-10-27,SKU-006,Electronics Item 6,Electronics,0,0
2025-11-03,SKU-006,Electronics Item 6,Electronics,0,0
2025-11-10,SKU-006,Electronics Item 6,Electronics,288,0
2025-11-17,SKU-006,Electronics Item 6,Electronics,0,0
2025-11-24,SKU-006,Electronics Item 6,Electronics,192,0
2025-12-01,SKU-006,Electronics Item 6,Electronics,176,0
2025-12-08,SKU-006,Electronics Item 6,Electronics,0,1
2025-12-15,SKU-006,Electronics Item 6,Electronics,429,0
2025-12-22,SKU-006,Electronics Item 6,Electronics,360,0
2025-12-29,SKU-006,Electronics Item 6,Electronics,0,0
2026-01-05,SKU-006,Electronics Item 6,Electronics,0,0
2026-01-12,SKU-006,Electronics Item 6,Electronics,292,0
2026-01-19,SKU-006,Electronics Item 6,Electronics,270,0
2026-01-26,SKU-006,Electronics Item 6,Electronics,0,0
2026-02-02,SKU-006,Electronics Item 6,Electronics,0,1
2026-02-09,SKU-006,Electronics Item 6,Electronics,291,0
2026-02-16,SKU-006,Electronics Item 6,Electronics,402,0
2026-02-23,SKU-006,Electronics Item 6,Electronics,314,0
2026-03-02,SKU-006,Electronics Item 6,Electronics,368,0
2026-03-09,SKU-006,Electronics Item 6,Electronics,536,1
2026-03-16,SKU-006,Electronics Item 6,Electronics,0,0
2026-03-23,SKU-006,Electronics Item 6,Electronics,427,0
2026-03-30,SKU-006,Electronics Item 6,Electronics,0,0
2026-04-06,SKU-006,Electronics Item 6,Electronics,286,0
2026-04-13,SKU-006,Electronics Item 6,Electronics,262,0
2026-04-20,SKU-006,Electronics Item 6,Electronics,448,0
2026-04-27,SKU-006,Electronics Item 6,Electronics,0,0
2026-05-04,SKU-006,Electronics Item 6,Electronics,337,0
2026-05-11,SKU-006,Electronics Item 6,Electronics,342,0
2026-05-18,SKU-006,Electronics Item 6,Electronics,0,0
2026-05-25,SKU-006,Electronics Item 6,Electronics,449,0
2026-06-01,SKU-006,Electronics Item 6,Electronics,0,0
2026-06-08,SKU-006,Electronics Item 6,Electronics,287,0
2026-06-15,SKU-006,Electronics Item 6,Electronics,0,0
2026-06-22,SKU-006,Electronics Item 6,Electronics,0,0
2026-06-29,SKU-006,Electronics Item 6,Electronics,303,0
2026-07-06,SKU-006,Electronics Item 6,Electronics,0,0
2026-07-13,SKU-006,Electronics Item 6,Electronics,391,0
2026-07-20,SKU-006,Electronics Item 6,Electronics,0,0
2026-07-27,SKU-006,Electronics Item 6,Electronics,0,0
2026-08-03,SKU-006,Electronics Item 6,Electronics,219,0
2026-08-10,SKU-006,Electronics Item 6,Electronics,228,0
2026-08-17,SKU-006,Electronics Item 6,Electronics,0,0
2026-08-24,SKU-006,Electronics Item 6,Electronics,332,0
2026-08-31,SKU-006,Electronics Item 6,Electronics,0,0
2026-09-07,SKU-006,Electronics Item 6,Electronics,254,0
2026-09-14,SKU-006,Electronics Item 6,Electronics,341,0
2026-09-21,SKU-006,Electronics Item 6,Electronics,148,0
2026-09-28,SKU-006,Electronics Item 6,Electronics,0,0
2024-01-01,SKU-007,Fasteners Item 1,Fasteners,200,0
2024-01-08,SKU-007,Fasteners Item 1,Fasteners,295,0
2024-01-15,SKU-007,Fasteners Item 1,Fasteners,280,0
2024-01-22,SKU-007,Fasteners Item 1,Fasteners,218,0
2024-01-29,SKU-007,Fasteners Item 1,Fasteners,216,0
2024-02-05,SKU-007,Fasteners Item 1,Fasteners,190,0
2024-02-12,SKU-007,Fasteners Item 1,Fasteners,166,0
2024-02-19,SKU-007,Fasteners Item 1,Fasteners,207,0
2024-02-26,SKU-007,Fasteners Item 1,Fasteners,182,0
2024-03-04,SKU-007,Fasteners Item 1,Fasteners,203,0
2024-03-11,SKU-007,Fasteners Item 1,Fasteners,167,0
2024-03-18,SKU-007,Fasteners Item 1,Fasteners,190,0
2024-03-25,SKU-007,Fasteners Item 1,Fasteners,217,0
2024-04-01,SKU-007,Fasteners Item 1,Fasteners,226,0
2024-04-08,SKU-007,Fasteners Item 1,Fasteners,229,0
2024-04-15,SKU-007,Fasteners Item 1,Fasteners,183,0
2024-04-22,SKU-007,Fasteners Item 1,Fasteners,237,0
2024-04-29,SKU-007,Fasteners Item 1,Fasteners,190,0
2024-05-06,SKU-007,Fasteners Item 1,Fasteners,219,0
2024-05-13,SKU-007,Fasteners Item 1,Fasteners,197,0
2024-05-20,SKU-007,Fasteners Item 1,Fasteners,160,0
2024-05-27,SKU-007,Fasteners Item 1,Fasteners,181,0
2024-06-03,SKU-007,Fasteners Item 1,Fasteners,194,0
2024-06-10,SKU-007,Fasteners Item 1,Fasteners,200,0
2024-06-17,SKU-007,Fasteners Item 1,Fasteners,318,1
2024-06-24,SKU-007,Fasteners Item 1,Fasteners,242,1
2024-07-01,SKU-007,Fasteners Item 1,Fasteners,214,0
2024-07-08,SKU-007,Fasteners Item 1,Fasteners,245,0
2024-07-15,SKU-007,Fasteners Item 1,Fasteners,246,0
2024-07-22,SKU-007,Fasteners Item 1,Fasteners,169,0
2024-07-29,SKU-007,Fasteners Item 1,Fasteners,173,0
2024-08-05,SKU-007,Fasteners Item 1,Fasteners,225,0
2024-08-12,SKU-007,Fasteners Item 1,Fasteners,163,0
2024-08-19,SKU-007,Fasteners Item 1,Fasteners,154,0
2024-08-26,SKU-007,Fasteners Item 1,Fasteners,171,0
2024-09-02,SKU-007,Fasteners Item 1,Fasteners,191,0
2024-09-09,SKU-007,Fasteners Item 1,Fasteners,183,0
2024-09-16,SKU-007,Fasteners Item 1,Fasteners,175,0
2024-09-23,SKU-007,Fasteners Item 1,Fasteners,180,0
2024-09-30,SKU-007,Fasteners Item 1,Fasteners,184,0
2024-10-07,SKU-007,Fasteners Item 1,Fasteners,184,0
2024-10-14,SKU-007,Fasteners Item 1,Fasteners,266,0
2024-10-21,SKU-007,Fasteners Item 1,Fasteners,217,0
2024-10-28,SKU-007,Fasteners Item 1,Fasteners,231,0
2024-11-04,SKU-007,Fasteners Item 1,Fasteners,193,0
2024-11-11,SKU-007,Fasteners Item 1,Fasteners,198,0
2024-11-18,SKU-007,Fasteners Item 1,Fasteners,182,0
2024-11-25,SKU-007,Fasteners Item 1,Fasteners,135,0
2024-12-02,SKU-007,Fasteners Item 1,Fasteners,166,0
2024-12-09,SKU-007,Fasteners Item 1,Fasteners,158,0
2024-12-16,SKU-007,Fasteners Item 1,Fasteners,151,0
2024-12-23,SKU-007,Fasteners Item 1,Fasteners,183,0
2024-12-30,SKU-007,Fasteners Item 1,Fasteners,254,0
2025-01-06,SKU-007,Fasteners Item 1,Fasteners,222,0
2025-01-13,SKU-007,Fasteners Item 1,Fasteners,330,1
2025-01-20,SKU-007,Fasteners Item 1,Fasteners,245,0
2025-01-27,SKU-007,Fasteners Item 1,Fasteners,197,0
2025-02-03,SKU-007,Fasteners Item 1,Fasteners,230,0
2025-02-10,SKU-007,Fasteners Item 1,Fasteners,229,0
2025-02-17,SKU-007,Fasteners Item 1,Fasteners,191,0
2025-02-24,SKU-007,Fasteners Item 1,Fasteners,216,0
2025-03-03,SKU-007,Fasteners Item 1,Fasteners,261,1
2025-03-10,SKU-007,Fasteners Item 1,Fasteners,175,0
2025-03-17,SKU-007,Fasteners Item 1,Fasteners,176,0
2025-03-24,SKU-007,Fasteners Item 1,Fasteners,210,0
2025-03-31,SKU-007,Fasteners Item 1,Fasteners,220,0
2025-04-07,SKU-007,Fasteners Item 1,Fasteners,193,0
2025-04-14,SKU-007,Fasteners Item 1,Fasteners,214,0
2025-04-21,SKU-007,Fasteners Item 1,Fasteners,225,0
2025-04-28,SKU-007,Fasteners Item 1,Fasteners,221,0
2025-05-05,SKU-007,Fasteners Item 1,Fasteners,237,0
2025-05-12,SKU-007,Fasteners Item 1,Fasteners,223,0
2025-05-19,SKU-007,Fasteners Item 1,Fasteners,165,0
2025-05-26,SKU-007,Fasteners Item 1,Fasteners,221,0
2025-06-02,SKU-007,Fasteners Item 1,Fasteners,170,0
2025-06-09,SKU-007,Fasteners Item 1,Fasteners,206,0
2025-06-16,SKU-007,Fasteners Item 1,Fasteners,187,0
2025-06-23,SKU-007,Fasteners Item 1,Fasteners,179,0
2025-06-30,SKU-007,Fasteners Item 1,Fasteners,150,0
2025-07-07,SKU-007,Fasteners Item 1,Fasteners,190,0
2025-07-14,SKU-007,Fasteners Item 1,Fasteners,158,0
2025-07-21,SKU-007,Fasteners Item 1,Fasteners,216,0
2025-07-28,SKU-007,Fasteners Item 1,Fasteners,226,0
2025-08-04,SKU-007,Fasteners Item 1,Fasteners,169,0
2025-08-11,SKU-007,Fasteners Item 1,Fasteners,189,0
2025-08-18,SKU-007,Fasteners Item 1,Fasteners,164,0
2025-08-25,SKU-007,Fasteners Item 1,Fasteners,164,0
2025-09-01,SKU-007,Fasteners Item 1,Fasteners,222,1
2025-09-08,SKU-007,Fasteners Item 1,Fasteners,219,0
2025-09-15,SKU-007,Fasteners Item 1,Fasteners,175,0
2025-09-22,SKU-007,Fasteners Item 1,Fasteners,214,0
2025-09-29,SKU-007,Fasteners Item 1,Fasteners,199,0
2025-10-06,SKU-007,Fasteners Item 1,Fasteners,221,0
2025-10-13,SKU-007,Fasteners Item 1,Fasteners,194,0
2025-10-20,SKU-007,Fasteners Item 1,Fasteners,204,0
2025-10-27,SKU-007,Fasteners Item 1,Fasteners,201,0
2025-11-03,SKU-007,Fasteners Item 1,Fasteners,181,0
2025-11-10,SKU-007,Fasteners Item 1,Fasteners,213,0
2025-11-17,SKU-007,Fasteners Item 1,Fasteners,210,0
2025-11-24,SKU-007,Fasteners Item 1,Fasteners,208,0
2025-12-01,SKU-007,Fasteners Item 1,Fasteners,231,0
2025-12-08,SKU-007,Fasteners Item 1,Fasteners,233,0
2025-12-15,SKU-007,Fasteners Item 1,Fasteners,194,0
2025-12-22,SKU-007,Fasteners Item 1,Fasteners,218,0
2025-12-29,SKU-007,Fasteners Item 1,Fasteners,198,0
2026-01-05,SKU-007,Fasteners Item 1,Fasteners,219,0
2026-01-12,SKU-007,Fasteners Item 1,Fasteners,204,0
2026-01-19,SKU-007,Fasteners Item 1,Fasteners,262,0
2026-01-26,SKU-007,Fasteners Item 1,Fasteners,226,0
2026-02-02,SKU-007,Fasteners Item 1,Fasteners,206,0
2026-02-09,SKU-007,Fasteners Item 1,Fasteners,235,0
2026-02-16,SKU-007,Fasteners Item 1,Fasteners,149,0
2026-02-23,SKU-007,Fasteners Item 1,Fasteners,150,0
2026-03-02,SKU-007,Fasteners Item 1,Fasteners,215,0
2026-03-09,SKU-007,Fasteners Item 1,Fasteners,199,0
2026-03-16,SKU-007,Fasteners Item 1,Fasteners,206,0
2026-03-23,SKU-007,Fasteners Item 1,Fasteners,171,0
2026-03-30,SKU-007,Fasteners Item 1,Fasteners,206,0
2026-04-06,SKU-007,Fasteners Item 1,Fasteners,259,0
2026-04-13,SKU-007,Fasteners Item 1,Fasteners,229,0
2026-04-20,SKU-007,Fasteners Item 1,Fasteners,210,0
2026-04-27,SKU-007,Fasteners Item 1,Fasteners,190,0
2026-05-04,SKU-007,Fasteners Item 1,Fasteners,201,1
2026-05-11,SKU-007,Fasteners Item 1,Fasteners,195,0
2026-05-18,SKU-007,Fasteners Item 1,Fasteners,202,0
2026-05-25,SKU-007,Fasteners Item 1,Fasteners,238,1
2026-06-01,SKU-007,Fasteners Item 1,Fasteners,153,0
2026-06-08,SKU-007,Fasteners Item 1,Fasteners,158,0
2026-06-15,SKU-007,Fasteners Item 1,Fasteners,182,0
2026-06-22,SKU-007,Fasteners Item 1,Fasteners,138,0
2026-06-29,SKU-007,Fasteners Item 1,Fasteners,202,0
2026-07-06,SKU-007,Fasteners Item 1,Fasteners,239,1
2026-07-13,SKU-007,Fasteners Item 1,Fasteners,134,0
2026-07-20,SKU-007,Fasteners Item 1,Fasteners,167,0
2026-07-27,SKU-007,Fasteners Item 1,Fasteners,159,1
2026-08-03,SKU-007,Fasteners Item 1,Fasteners,175,0
2026-08-10,SKU-007,Fasteners Item 1,Fasteners,232,1
2026-08-17,SKU-007,Fasteners Item 1,Fasteners,161,0
2026-08-24,SKU-007,Fasteners Item 1,Fasteners,229,1
2026-08-31,SKU-007,Fasteners Item 1,Fasteners,213,0
2026-09-07,SKU-007,Fasteners Item 1,Fasteners,173,0
2026-09-14,SKU-007,Fasteners Item 1,Fasteners,190,0
2026-09-21,SKU-007,Fasteners Item 1,Fasteners,154,0
2026-09-28,SKU-007,Fasteners Item 1,Fasteners,238,1
2024-01-01,SKU-008,Fasteners Item 2,Fasteners,189,0
2024-01-08,SKU-008,Fasteners Item 2,Fasteners,185,0
2024-01-15,SKU-008,Fasteners Item 2,Fasteners,160,0
2024-01-22,SKU-008,Fasteners Item 2,Fasteners,145,0
2024-01-29,SKU-008,Fasteners Item 2,Fasteners,206,0
2024-02-05,SKU-008,Fasteners Item 2,Fasteners,165,0
2024-02-12,SKU-008,Fasteners Item 2,Fasteners,144,0
2024-02-19,SKU-008,Fasteners Item 2,Fasteners,177,0
2024-02-26,SKU-008,Fasteners Item 2,Fasteners,161,0
2024-03-04,SKU-008,Fasteners Item 2,Fasteners,163,0
2024-03-11,SKU-008,Fasteners Item 2,Fasteners,185,0
2024-03-18,SKU-008,Fasteners Item 2,Fasteners,151,0
2024-03-25,SKU-008,Fasteners Item 2,Fasteners,189,0
2024-04-01,SKU-008,Fasteners Item 2,Fasteners,272,1
2024-04-08,SKU-008,Fasteners Item 2,Fasteners,175,0
2024-04-15,SKU-008,Fasteners Item 2,Fasteners,172,0
2024-04-22,SKU-008,Fasteners Item 2,Fasteners,172,0
2024-04-29,SKU-008,Fasteners Item 2,Fasteners,175,0
2024-05-06,SKU-008,Fasteners Item 2,Fasteners,173,0
2024-05-13,SKU-008,Fasteners Item 2,Fasteners,204,0
2024-05-20,SKU-008,Fasteners Item 2,Fasteners,149,0
2024-05-27,SKU-008,Fasteners Item 2,Fasteners,216,0
2024-06-03,SKU-008,Fasteners Item 2,Fasteners,194,0
2024-06-10,SKU-008,Fasteners Item 2,Fasteners,221,0
2024-06-17,SKU-008,Fasteners Item 2,Fasteners,189,0
2024-06-24,SKU-008,Fasteners Item 2,Fasteners,303,1
2024-07-01,SKU-008,Fasteners Item 2,Fasteners,252,0
2024-07-08,SKU-008,Fasteners Item 2,Fasteners,347,1
2024-07-15,SKU-008,Fasteners Item 2,Fasteners,234,0
2024-07-22,SKU-008,Fasteners Item 2,Fasteners,178,0
2024-07-29,SKU-008,Fasteners Item 2,Fasteners,216,0
2024-08-05,SKU-008,Fasteners Item 2,Fasteners,319,1
2024-08-12,SKU-008,Fasteners Item 2,Fasteners,220,0
2024-08-19,SKU-008,Fasteners Item 2,Fasteners,226,0
2024-08-26,SKU-008,Fasteners Item 2,Fasteners,262,0
2024-09-02,SKU-008,Fasteners Item 2,Fasteners,261,0
2024-09-09,SKU-008,Fasteners Item 2,Fasteners,152,0
2024-09-16,SKU-008,Fasteners Item 2,Fasteners,227,0
2024-09-23,SKU-008,Fasteners Item 2,Fasteners,232,0
2024-09-30,SKU-008,Fasteners Item 2,Fasteners,185,0
2024-10-07,SKU-008,Fasteners Item 2,Fasteners,232,0
2024-10-14,SKU-008,Fasteners Item 2,Fasteners,256,0
2024-10-21,SKU-008,Fasteners Item 2,Fasteners,187,0
2024-10-28,SKU-008,Fasteners Item 2,Fasteners,216,0
2024-11-04,SKU-008,Fasteners Item 2,Fasteners,180,0
2024-11-11,SKU-008,Fasteners Item 2,Fasteners,183,0
2024-11-18,SKU-008,Fasteners Item 2,Fasteners,248,1
2024-11-25,SKU-008,Fasteners Item 2,Fasteners,211,0
2024-12-02,SKU-008,Fasteners Item 2,Fasteners,156,0
2024-12-09,SKU-008,Fasteners Item 2,Fasteners,250,0
2024-12-16,SKU-008,Fasteners Item 2,Fasteners,220,0
2024-12-23,SKU-008,Fasteners Item 2,Fasteners,200,0
2024-12-30,SKU-008,Fasteners Item 2,Fasteners,215,0
2025-01-06,SKU-008,Fasteners Item 2,Fasteners,164,0
2025-01-13,SKU-008,Fasteners Item 2,Fasteners,219,0
2025-01-20,SKU-008,Fasteners Item 2,Fasteners,178,0
2025-01-27,SKU-008,Fasteners Item 2,Fasteners,176,0
2025-02-03,SKU-008,Fasteners Item 2,Fasteners,193,1
2025-02-10,SKU-008,Fasteners Item 2,Fasteners,192,0
2025-02-17,SKU-008,Fasteners Item 2,Fasteners,275,1
2025-02-24,SKU-008,Fasteners Item 2,Fasteners,183,0
2025-03-03,SKU-008,Fasteners Item 2,Fasteners,200,0
2025-03-10,SKU-008,Fasteners Item 2,Fasteners,184,0
2025-03-17,SKU-008,Fasteners Item 2,Fasteners,253,0
2025-03-24,SKU-008,Fasteners Item 2,Fasteners,165,0
2025-03-31,SKU-008,Fasteners Item 2,Fasteners,343,1
2025-04-07,SKU-008,Fasteners Item 2,Fasteners,184,0
2025-04-14,SKU-008,Fasteners Item 2,Fasteners,259,0
2025-04-21,SKU-008,Fasteners Item 2,Fasteners,227,0
2025-04-28,SKU-008,Fasteners Item 2,Fasteners,290,1
2025-05-05,SKU-008,Fasteners Item 2,Fasteners,273,1
2025-05-12,SKU-008,Fasteners Item 2,Fasteners,215,0
2025-05-19,SKU-008,Fasteners Item 2,Fasteners,246,0
2025-05-26,SKU-008,Fasteners Item 2,Fasteners,223,0
2025-06-02,SKU-008,Fasteners Item 2,Fasteners,202,0
2025-06-09,SKU-008,Fasteners Item 2,Fasteners,260,0
2025-06-16,SKU-008,Fasteners Item 2,Fasteners,271,0
2025-06-23,SKU-008,Fasteners Item 2,Fasteners,269,0
2025-06-30,SKU-008,Fasteners Item 2,Fasteners,275,0
2025-07-07,SKU-008,Fasteners Item 2,Fasteners,243,0
2025-07-14,SKU-008,Fasteners Item 2,Fasteners,221,0
2025-07-21,SKU-008,Fasteners Item 2,Fasteners,220,0
2025-07-28,SKU-008,Fasteners Item 2,Fasteners,194,0
2025-08-04,SKU-008,Fasteners Item 2,Fasteners,247,0
2025-08-11,SKU-008,Fasteners Item 2,Fasteners,238,0
2025-08-18,SKU-008,Fasteners Item 2,Fasteners,230,0
2025-08-25,SKU-008,Fasteners Item 2,Fasteners,160,0
2025-09-01,SKU-008,Fasteners Item 2,Fasteners,215,0
2025-09-08,SKU-008,Fasteners Item 2,Fasteners,293,0
2025-09-15,SKU-008,Fasteners Item 2,Fasteners,241,0
2025-09-22,SKU-008,Fasteners Item 2,Fasteners,274,0
2025-09-29,SKU-008,Fasteners Item 2,Fasteners,217,0
2025-10-06,SKU-008,Fasteners Item 2,Fasteners,299,0
2025-10-13,SKU-008,Fasteners Item 2,Fasteners,243,0
2025-10-20,SKU-008,Fasteners Item 2,Fasteners,247,0
2025-10-27,SKU-008,Fasteners Item 2,Fasteners,296,0
2025-11-03,SKU-008,Fasteners Item 2,Fasteners,266,0
2025-11-10,SKU-008,Fasteners Item 2,Fasteners,213,0
2025-11-17,SKU-008,Fasteners Item 2,Fasteners,205,0
2025-11-24,SKU-008,Fasteners Item 2,Fasteners,213,0
2025-12-01,SKU-008,Fasteners Item 2,Fasteners,238,0
2025-12-08,SKU-008,Fasteners Item 2,Fasteners,223,0
2025-12-15,SKU-008,Fasteners Item 2,Fasteners,217,0
2025-12-22,SKU-008,Fasteners Item 2,Fasteners,266,0
2025-12-29,SKU-008,Fasteners Item 2,Fasteners,220,0
2026-01-05,SKU-008,Fasteners Item 2,Fasteners,279,0
2026-01-12,SKU-008,Fasteners Item 2,Fasteners,214,0
2026-01-19,SKU-008,Fasteners Item 2,Fasteners,250,0
2026-01-26,SKU-008,Fasteners Item 2,Fasteners,209,0
2026-02-02,SKU-008,Fasteners Item 2,Fasteners,220,0
2026-02-09,SKU-008,Fasteners Item 2,Fasteners,179,0
2026-02-16,SKU-008,Fasteners Item 2,Fasteners,178,0
2026-02-23,SKU-008,Fasteners Item 2,Fasteners,214,0
2026-03-02,SKU-008,Fasteners Item 2,Fasteners,233,0
2026-03-09,SKU-008,Fasteners Item 2,Fasteners,216,0
2026-03-16,SKU-008,Fasteners Item 2,Fasteners,253,1
2026-03-23,SKU-008,Fasteners Item 2,Fasteners,186,0
2026-03-30,SKU-008,Fasteners Item 2,Fasteners,179,0
2026-04-06,SKU-008,Fasteners Item 2,Fasteners,230,0
2026-04-13,SKU-008,Fasteners Item 2,Fasteners,256,0
2026-04-20,SKU-008,Fasteners Item 2,Fasteners,224,0
2026-04-27,SKU-008,Fasteners Item 2,Fasteners,162,0
2026-05-04,SKU-008,Fasteners Item 2,Fasteners,218,0
2026-05-11,SKU-008,Fasteners Item 2,Fasteners,222,0
2026-05-18,SKU-008,Fasteners Item 2,Fasteners,291,0
2026-05-25,SKU-008,Fasteners Item 2,Fasteners,199,0
2026-06-01,SKU-008,Fasteners Item 2,Fasteners,239,0
2026-06-08,SKU-008,Fasteners Item 2,Fasteners,314,0
2026-06-15,SKU-008,Fasteners Item 2,Fasteners,284,0
2026-06-22,SKU-008,Fasteners Item 2,Fasteners,294,0
2026-06-29,SKU-008,Fasteners Item 2,Fasteners,282,0
2026-07-06,SKU-008,Fasteners Item 2,Fasteners,418,1
2026-07-13,SKU-008,Fasteners Item 2,Fasteners,248,0
2026-07-20,SKU-008,Fasteners Item 2,Fasteners,299,0
2026-07-27,SKU-008,Fasteners Item 2,Fasteners,222,0
2026-08-03,SKU-008,Fasteners Item 2,Fasteners,275,0
2026-08-10,SKU-008,Fasteners Item 2,Fasteners,270,0
2026-08-17,SKU-008,Fasteners Item 2,Fasteners,248,0
2026-08-24,SKU-008,Fasteners Item 2,Fasteners,272,0
2026-08-31,SKU-008,Fasteners Item 2,Fasteners,258,0
2026-09-07,SKU-008,Fasteners Item 2,Fasteners,248,0
2026-09-14,SKU-008,Fasteners Item 2,Fasteners,276,0
2026-09-21,SKU-008,Fasteners Item 2,Fasteners,251,0
2026-09-28,SKU-008,Fasteners Item 2,Fasteners,297,0
2024-01-01,SKU-009,Fasteners Item 3,Fasteners,165,0
2024-01-08,SKU-009,Fasteners Item 3,Fasteners,130,0
2024-01-15,SKU-009,Fasteners Item 3,Fasteners,164,1
2024-01-22,SKU-009,Fasteners Item 3,Fasteners,163,0
2024-01-29,SKU-009,Fasteners Item 3,Fasteners,165,0
2024-02-05,SKU-009,Fasteners Item 3,Fasteners,163,0
2024-02-12,SKU-009,Fasteners Item 3,Fasteners,201,0
2024-02-19,SKU-009,Fasteners Item 3,Fasteners,212,0
2024-02-26,SKU-009,Fasteners Item 3,Fasteners,189,0
2024-03-04,SKU-009,Fasteners Item 3,Fasteners,150,0
2024-03-11,SKU-009,Fasteners Item 3,Fasteners,224,0
2024-03-18,SKU-009,Fasteners Item 3,Fasteners,228,0
2024-03-25,SKU-009,Fasteners Item 3,Fasteners,224,0
2024-04-01,SKU-009,Fasteners Item 3,Fasteners,242,0
2024-04-08,SKU-009,Fasteners Item 3,Fasteners,185,0
2024-04-15,SKU-009,Fasteners Item 3,Fasteners,265,0
2024-04-22,SKU-009,Fasteners Item 3,Fasteners,188,0
2024-04-29,SKU-009,Fasteners Item 3,Fasteners,232,0
2024-05-06,SKU-009,Fasteners Item 3,Fasteners,269,1
2024-05-13,SKU-009,Fasteners Item 3,Fasteners,261,0
2024-05-20,SKU-009,Fasteners Item 3,Fasteners,220,0
2024-05-27,SKU-009,Fasteners Item 3,Fasteners,258,0
2024-06-03,SKU-009,Fasteners Item 3,Fasteners,247,0
2024-06-10,SKU-009,Fasteners Item 3,Fasteners,350,1
2024-06-17,SKU-009,Fasteners Item 3,Fasteners,239,0
2024-06-24,SKU-009,Fasteners Item 3,Fasteners,276,1
2024-07-01,SKU-009,Fasteners Item 3,Fasteners,255,0
2024-07-08,SKU-009,Fasteners Item 3,Fasteners,244,0
2024-07-15,SKU-009,Fasteners Item 3,Fasteners,183,0
2024-07-22,SKU-009,Fasteners Item 3,Fasteners,201,0
2024-07-29,SKU-009,Fasteners Item 3,Fasteners,201,0
2024-08-05,SKU-009,Fasteners Item 3,Fasteners,204,0
2024-08-12,SKU-009,Fasteners Item 3,Fasteners,277,1
2024-08-19,SKU-009,Fasteners Item 3,Fasteners,197,0
2024-08-26,SKU-009,Fasteners Item 3,Fasteners,238,0
2024-09-02,SKU-009,Fasteners Item 3,Fasteners,241,0
2024-09-09,SKU-009,Fasteners Item 3,Fasteners,216,0
2024-09-16,SKU-009,Fasteners Item 3,Fasteners,207,0
2024-09-23,SKU-009,Fasteners Item 3,Fasteners,229,1
2024-09-30,SKU-009,Fasteners Item 3,Fasteners,178,0
2024-10-07,SKU-009,Fasteners Item 3,Fasteners,177,0
2024-10-14,SKU-009,Fasteners Item 3,Fasteners,178,0
2024-10-21,SKU-009,Fasteners Item 3,Fasteners,161,0
2024-10-28,SKU-009,Fasteners Item 3,Fasteners,245,1
2024-11-04,SKU-009,Fasteners Item 3,Fasteners,147,0
2024-11-11,SKU-009,Fasteners Item 3,Fasteners,184,0
2024-11-18,SKU-009,Fasteners Item 3,Fasteners,181,0
2024-11-25,SKU-009,Fasteners Item 3,Fasteners,198,0
2024-12-02,SKU-009,Fasteners Item 3,Fasteners,194,0
2024-12-09,SKU-009,Fasteners Item 3,Fasteners,164,0
2024-12-16,SKU-009,Fasteners Item 3,Fasteners,170,0
2024-12-23,SKU-009,Fasteners Item 3,Fasteners,260,1
2024-12-30,SKU-009,Fasteners Item 3,Fasteners,146,0
2025-01-06,SKU-009,Fasteners Item 3,Fasteners,205,0
2025-01-13,SKU-009,Fasteners Item 3,Fasteners,223,0
2025-01-20,SKU-009,Fasteners Item 3,Fasteners,191,0
2025-01-27,SKU-009,Fasteners Item 3,Fasteners,209,0
2025-02-03,SKU-009,Fasteners Item 3,Fasteners,182,0
2025-02-10,SKU-009,Fasteners Item 3,Fasteners,203,0
2025-02-17,SKU-009,Fasteners Item 3,Fasteners,172,0
2025-02-24,SKU-009,Fasteners Item 3,Fasteners,161,0
2025-03-03,SKU-009,Fasteners Item 3,Fasteners,259,0
2025-03-10,SKU-009,Fasteners Item 3,Fasteners,213,0
2025-03-17,SKU-009,Fasteners Item 3,Fasteners,262,1
2025-03-24,SKU-009,Fasteners Item 3,Fasteners,207,0
2025-03-31,SKU-009,Fasteners Item 3,Fasteners,245,0
2025-04-07,SKU-009,Fasteners Item 3,Fasteners,227,0
2025-04-14,SKU-009,Fasteners Item 3,Fasteners,258,0
2025-04-21,SKU-009,Fasteners Item 3,Fasteners,258,0
2025-04-28,SKU-009,Fasteners Item 3,Fasteners,255,0
2025-05-05,SKU-009,Fasteners Item 3,Fasteners,256,0
2025-05-12,SKU-009,Fasteners Item 3,Fasteners,302,0
2025-05-19,SKU-009,Fasteners Item 3,Fasteners,228,0
2025-05-26,SKU-009,Fasteners Item 3,Fasteners,267,0
2025-06-02,SKU-009,Fasteners Item 3,Fasteners,314,0
2025-06-09,SKU-009,Fasteners Item 3,Fasteners,324,0
2025-06-16,SKU-009,Fasteners Item 3,Fasteners,234,0
2025-06-23,SKU-009,Fasteners Item 3,Fasteners,270,0
2025-06-30,SKU-009,Fasteners Item 3,Fasteners,320,0
2025-07-07,SKU-009,Fasteners Item 3,Fasteners,284,0
2025-07-14,SKU-009,Fasteners Item 3,Fasteners,266,0
2025-07-21,SKU-009,Fasteners Item 3,Fasteners,246,0
2025-07-28,SKU-009,Fasteners Item 3,Fasteners,236,0
2025-08-04,SKU-009,Fasteners Item 3,Fasteners,253,0
2025-08-11,SKU-009,Fasteners Item 3,Fasteners,238,0
2025-08-18,SKU-009,Fasteners Item 3,Fasteners,246,0
2025-08-25,SKU-009,Fasteners Item 3,Fasteners,252,0
2025-09-01,SKU-009,Fasteners Item 3,Fasteners,231,0
2025-09-08,SKU-009,Fasteners Item 3,Fasteners,268,0
2025-09-15,SKU-009,Fasteners Item 3,Fasteners,336,0
2025-09-22,SKU-009,Fasteners Item 3,Fasteners,192,0
2025-09-29,SKU-009,Fasteners Item 3,Fasteners,246,0
2025-10-06,SKU-009,Fasteners Item 3,Fasteners,207,0
2025-10-13,SKU-009,Fasteners Item 3,Fasteners,235,0
2025-10-20,SKU-009,Fasteners Item 3,Fasteners,215,0
2025-10-27,SKU-009,Fasteners Item 3,Fasteners,331,1
2025-11-03,SKU-009,Fasteners Item 3,Fasteners,212,0
2025-11-10,SKU-009,Fasteners Item 3,Fasteners,237,0
2025-11-17,SKU-009,Fasteners Item 3,Fasteners,153,0
2025-11-24,SKU-009,Fasteners Item 3,Fasteners,259,0
2025-12-01,SKU-009,Fasteners Item 3,Fasteners,232,0
2025-12-08,SKU-009,Fasteners Item 3,Fasteners,255,0
2025-12-15,SKU-009,Fasteners Item 3,Fasteners,255,1
2025-12-22,SKU-009,Fasteners Item 3,Fasteners,232,0
2025-12-29,SKU-009,Fasteners Item 3,Fasteners,226,0
2026-01-05,SKU-009,Fasteners Item 3,Fasteners,232,0
2026-01-12,SKU-009,Fasteners Item 3,Fasteners,251,0
2026-01-19,SKU-009,Fasteners Item 3,Fasteners,174,0
2026-01-26,SKU-009,Fasteners Item 3,Fasteners,248,0
2026-02-02,SKU-009,Fasteners Item 3,Fasteners,227,0
2026-02-09,SKU-009,Fasteners Item 3,Fasteners,228,0
2026-02-16,SKU-009,Fasteners Item 3,Fasteners,200,0
2026-02-23,SKU-009,Fasteners Item 3,Fasteners,269,0
2026-03-02,SKU-009,Fasteners Item 3,Fasteners,188,0
2026-03-09,SKU-009,Fasteners Item 3,Fasteners,295,0
2026-03-16,SKU-009,Fasteners Item 3,Fasteners,230,0
2026-03-23,SKU-009,Fasteners Item 3,Fasteners,285,0
2026-03-30,SKU-009,Fasteners Item 3,Fasteners,280,0
2026-04-06,SKU-009,Fasteners Item 3,Fasteners,321,0
2026-04-13,SKU-009,Fasteners Item 3,Fasteners,273,0
2026-04-20,SKU-009,Fasteners Item 3,Fasteners,254,0
2026-04-27,SKU-009,Fasteners Item 3,Fasteners,261,0
2026-05-04,SKU-009,Fasteners Item 3,Fasteners,367,1
2026-05-11,SKU-009,Fasteners Item 3,Fasteners,274,0
2026-05-18,SKU-009,Fasteners Item 3,Fasteners,287,0
2026-05-25,SKU-009,Fasteners Item 3,Fasteners,247,0
2026-06-01,SKU-009,Fasteners Item 3,Fasteners,327,0
2026-06-08,SKU-009,Fasteners Item 3,Fasteners,250,0
2026-06-15,SKU-009,Fasteners Item 3,Fasteners,348,0
2026-06-22,SKU-009,Fasteners Item 3,Fasteners,321,0
2026-06-29,SKU-009,Fasteners Item 3,Fasteners,399,0
2026-07-06,SKU-009,Fasteners Item 3,Fasteners,262,0
2026-07-13,SKU-009,Fasteners Item 3,Fasteners,289,0
2026-07-20,SKU-009,Fasteners Item 3,Fasteners,346,0
2026-07-27,SKU-009,Fasteners Item 3,Fasteners,319,0
2026-08-03,SKU-009,Fasteners Item 3,Fasteners,253,0
2026-08-10,SKU-009,Fasteners Item 3,Fasteners,284,0
2026-08-17,SKU-009,Fasteners Item 3,Fasteners,279,0
2026-08-24,SKU-009,Fasteners Item 3,Fasteners,291,0
2026-08-31,SKU-009,Fasteners Item 3,Fasteners,260,0
2026-09-07,SKU-009,Fasteners Item 3,Fasteners,280,0
2026-09-14,SKU-009,Fasteners Item 3,Fasteners,227,0
2026-09-21,SKU-009,Fasteners Item 3,Fasteners,279,0
2026-09-28,SKU-009,Fasteners Item 3,Fasteners,281,0
2024-01-01,SKU-010,Fasteners Item 4,Fasteners,158,0
2024-01-08,SKU-010,Fasteners Item 4,Fasteners,140,0
2024-01-15,SKU-010,Fasteners Item 4,Fasteners,168,0
2024-01-22,SKU-010,Fasteners Item 4,Fasteners,277,1
2024-01-29,SKU-010,Fasteners Item 4,Fasteners,189,1
2024-02-05,SKU-010,Fasteners Item 4,Fasteners,129,0
2024-02-12,SKU-010,Fasteners Item 4,Fasteners,139,0
2024-02-19,SKU-010,Fasteners Item 4,Fasteners,145,1
2024-02-26,SKU-010,Fasteners Item 4,Fasteners,157,0
2024-03-04,SKU-010,Fasteners Item 4,Fasteners,193,0
2024-03-11,SKU-010,Fasteners Item 4,Fasteners,153,0
2024-03-18,SKU-010,Fasteners Item 4,Fasteners,171,0
2024-03-25,SKU-010,Fasteners Item 4,Fasteners,190,0
2024-04-01,SKU-010,Fasteners Item 4,Fasteners,168,0
2024-04-08,SKU-010,Fasteners Item 4,Fasteners,159,0
2024-04-15,SKU-010,Fasteners Item 4,Fasteners,124,0
2024-04-22,SKU-010,Fasteners Item 4,Fasteners,182,0
2024-04-29,SKU-010,Fasteners Item 4,Fasteners,165,0
2024-05-06,SKU-010,Fasteners Item 4,Fasteners,147,0
2024-05-13,SKU-010,Fasteners Item 4,Fasteners,173,0
2024-05-20,SKU-010,Fasteners Item 4,Fasteners,162,0
2024-05-27,SKU-010,Fasteners Item 4,Fasteners,169,0
2024-06-03,SKU-010,Fasteners Item 4,Fasteners,202,0
2024-06-10,SKU-010,Fasteners Item 4,Fasteners,164,0
2024-06-17,SKU-010,Fasteners Item 4,Fasteners,228,0
2024-06-24,SKU-010,Fasteners Item 4,Fasteners,172,0
2024-07-01,SKU-010,Fasteners Item 4,Fasteners,193,0
2024-07-08,SKU-010,Fasteners Item 4,Fasteners,258,0
2024-07-15,SKU-010,Fasteners Item 4,Fasteners,236,0
2024-07-22,SKU-010,Fasteners Item 4,Fasteners,207,0
2024-07-29,SKU-010,Fasteners Item 4,Fasteners,179,0
2024-08-05,SKU-010,Fasteners Item 4,Fasteners,188,0
2024-08-12,SKU-010,Fasteners Item 4,Fasteners,203,0
2024-08-19,SKU-010,Fasteners Item 4,Fasteners,204,0
2024-08-26,SKU-010,Fasteners Item 4,Fasteners,205,0
2024-09-02,SKU-010,Fasteners Item 4,Fasteners,212,0
2024-09-09,SKU-010,Fasteners Item 4,Fasteners,212,0
2024-09-16,SKU-010,Fasteners Item 4,Fasteners,183,0
2024-09-23,SKU-010,Fasteners Item 4,Fasteners,208,0
2024-09-30,SKU-010,Fasteners Item 4,Fasteners,245,0
2024-10-07,SKU-010,Fasteners Item 4,Fasteners,181,0
2024-10-14,SKU-010,Fasteners Item 4,Fasteners,206,0
2024-10-21,SKU-010,Fasteners Item 4,Fasteners,184,0
2024-10-28,SKU-010,Fasteners Item 4,Fasteners,200,0
2024-11-04,SKU-010,Fasteners Item 4,Fasteners,184,0
2024-11-11,SKU-010,Fasteners Item 4,Fasteners,224,0
2024-11-18,SKU-010,Fasteners Item 4,Fasteners,201,0
2024-11-25,SKU-010,Fasteners Item 4,Fasteners,160,0
2024-12-02,SKU-010,Fasteners Item 4,Fasteners,237,1
2024-12-09,SKU-010,Fasteners Item 4,Fasteners,181,0
2024-12-16,SKU-010,Fasteners Item 4,Fasteners,204,0
2024-12-23,SKU-010,Fasteners Item 4,Fasteners,184,0
2024-12-30,SKU-010,Fasteners Item 4,Fasteners,214,0
2025-01-06,SKU-010,Fasteners Item 4,Fasteners,172,0
2025-01-13,SKU-010,Fasteners Item 4,Fasteners,170,0
2025-01-20,SKU-010,Fasteners Item 4,Fasteners,164,0
2025-01-27,SKU-010,Fasteners Item 4,Fasteners,162,0
2025-02-03,SKU-010,Fasteners Item 4,Fasteners,193,0
2025-02-10,SKU-010,Fasteners Item 4,Fasteners,183,0
2025-02-17,SKU-010,Fasteners Item 4,Fasteners,207,0
2025-02-24,SKU-010,Fasteners Item 4,Fasteners,223,0
2025-03-03,SKU-010,Fasteners Item 4,Fasteners,158,0
2025-03-10,SKU-010,Fasteners Item 4,Fasteners,190,1
2025-03-17,SKU-010,Fasteners Item 4,Fasteners,172,0
2025-03-24,SKU-010,Fasteners Item 4,Fasteners,229,1
2025-03-31,SKU-010,Fasteners Item 4,Fasteners,171,0
2025-04-07,SKU-010,Fasteners Item 4,Fasteners,213,1
2025-04-14,SKU-010,Fasteners Item 4,Fasteners,214,0
2025-04-21,SKU-010,Fasteners Item 4,Fasteners,171,0
2025-04-28,SKU-010,Fasteners Item 4,Fasteners,256,0
2025-05-05,SKU-010,Fasteners Item 4,Fasteners,181,0
2025-05-12,SKU-010,Fasteners Item 4,Fasteners,196,0
2025-05-19,SKU-010,Fasteners Item 4,Fasteners,168,0
2025-05-26,SKU-010,Fasteners Item 4,Fasteners,248,0
2025-06-02,SKU-010,Fasteners Item 4,Fasteners,243,0
2025-06-09,SKU-010,Fasteners Item 4,Fasteners,231,0
2025-06-16,SKU-010,Fasteners Item 4,Fasteners,193,0
2025-06-23,SKU-010,Fasteners Item 4,Fasteners,242,0
2025-06-30,SKU-010,Fasteners Item 4,Fasteners,206,0
2025-07-07,SKU-010,Fasteners Item 4,Fasteners,280,0
2025-07-14,SKU-010,Fasteners Item 4,Fasteners,259,0
2025-07-21,SKU-010,Fasteners Item 4,Fasteners,215,1
2025-07-28,SKU-010,Fasteners Item 4,Fasteners,202,0
2025-08-04,SKU-010,Fasteners Item 4,Fasteners,247,0
2025-08-11,SKU-010,Fasteners Item 4,Fasteners,261,0
2025-08-18,SKU-010,Fasteners Item 4,Fasteners,262,0
2025-08-25,SKU-010,Fasteners Item 4,Fasteners,191,0
2025-09-01,SKU-010,Fasteners Item 4,Fasteners,250,0
2025-09-08,SKU-010,Fasteners Item 4,Fasteners,277,0
2025-09-15,SKU-010,Fasteners Item 4,Fasteners,201,0
2025-09-22,SKU-010,Fasteners Item 4,Fasteners,252,0
2025-09-29,SKU-010,Fasteners Item 4,Fasteners,258,0
2025-10-06,SKU-010,Fasteners Item 4,Fasteners,237,0
2025-10-13,SKU-010,Fasteners Item 4,Fasteners,185,0
2025-10-20,SKU-010,Fasteners Item 4,Fasteners,222,0
2025-10-27,SKU-010,Fasteners Item 4,Fasteners,215,0
2025-11-03,SKU-010,Fasteners Item 4,Fasteners,214,0
2025-11-10,SKU-010,Fasteners Item 4,Fasteners,200,0
2025-11-17,SKU-010,Fasteners Item 4,Fasteners,203,0
2025-11-24,SKU-010,Fasteners Item 4,Fasteners,214,0
2025-12-01,SKU-010,Fasteners Item 4,Fasteners,230,0
2025-12-08,SKU-010,Fasteners Item 4,Fasteners,212,0
2025-12-15,SKU-010,Fasteners Item 4,Fasteners,211,0
2025-12-22,SKU-010,Fasteners Item 4,Fasteners,224,0
2025-12-29,SKU-010,Fasteners Item 4,Fasteners,168,0
2026-01-05,SKU-010,Fasteners Item 4,Fasteners,226,0
2026-01-12,SKU-010,Fasteners Item 4,Fasteners,272,1
2026-01-19,SKU-010,Fasteners Item 4,Fasteners,225,0
2026-01-26,SKU-010,Fasteners Item 4,Fasteners,150,0
2026-02-02,SKU-010,Fasteners Item 4,Fasteners,147,0
2026-02-09,SKU-010,Fasteners Item 4,Fasteners,198,0
2026-02-16,SKU-010,Fasteners Item 4,Fasteners,193,0
2026-02-23,SKU-010,Fasteners Item 4,Fasteners,201,0
2026-03-02,SKU-010,Fasteners Item 4,Fasteners,191,0
2026-03-09,SKU-010,Fasteners Item 4,Fasteners,336,1
2026-03-16,SKU-010,Fasteners Item 4,Fasteners,227,0
2026-03-23,SKU-010,Fasteners Item 4,Fasteners,211,0
2026-03-30,SKU-010,Fasteners Item 4,Fasteners,164,0
2026-04-06,SKU-010,Fasteners Item 4,Fasteners,240,0
2026-04-13,SKU-010,Fasteners Item 4,Fasteners,251,0
2026-04-20,SKU-010,Fasteners Item 4,Fasteners,233,0
2026-04-27,SKU-010,Fasteners Item 4,Fasteners,326,1
2026-05-04,SKU-010,Fasteners Item 4,Fasteners,238,0
2026-05-11,SKU-010,Fasteners Item 4,Fasteners,259,0
2026-05-18,SKU-010,Fasteners Item 4,Fasteners,200,0
2026-05-25,SKU-010,Fasteners Item 4,Fasteners,225,0
2026-06-01,SKU-010,Fasteners Item 4,Fasteners,262,0
2026-06-08,SKU-010,Fasteners Item 4,Fasteners,252,0
2026-06-15,SKU-010,Fasteners Item 4,Fasteners,224,0
2026-06-22,SKU-010,Fasteners Item 4,Fasteners,278,0
2026-06-29,SKU-010,Fasteners Item 4,Fasteners,286,0
2026-07-06,SKU-010,Fasteners Item 4,Fasteners,270,0
2026-07-13,SKU-010,Fasteners Item 4,Fasteners,272,0
2026-07-20,SKU-010,Fasteners Item 4,Fasteners,253,0
2026-07-27,SKU-010,Fasteners Item 4,Fasteners,303,0
2026-08-03,SKU-010,Fasteners Item 4,Fasteners,227,0
2026-08-10,SKU-010,Fasteners Item 4,Fasteners,237,0
2026-08-17,SKU-010,Fasteners Item 4,Fasteners,259,0
2026-08-24,SKU-010,Fasteners Item 4,Fasteners,292,0
2026-08-31,SKU-010,Fasteners Item 4,Fasteners,221,0
2026-09-07,SKU-010,Fasteners Item 4,Fasteners,233,0
2026-09-14,SKU-010,Fasteners Item 4,Fasteners,212,0
2026-09-21,SKU-010,Fasteners Item 4,Fasteners,283,0
2026-09-28,SKU-010,Fasteners Item 4,Fasteners,351,1
2024-01-01,SKU-011,Fasteners Item 5,Fasteners,370,0
2024-01-08,SKU-011,Fasteners Item 5,Fasteners,314,0
2024-01-15,SKU-011,Fasteners Item 5,Fasteners,310,0
2024-01-22,SKU-011,Fasteners Item 5,Fasteners,281,0
2024-01-29,SKU-011,Fasteners Item 5,Fasteners,278,0
2024-02-05,SKU-011,Fasteners Item 5,Fasteners,240,0
2024-02-12,SKU-011,Fasteners Item 5,Fasteners,322,0
2024-02-19,SKU-011,Fasteners Item 5,Fasteners,349,0
2024-02-26,SKU-011,Fasteners Item 5,Fasteners,328,0
2024-03-04,SKU-011,Fasteners Item 5,Fasteners,222,0
2024-03-11,SKU-011,Fasteners Item 5,Fasteners,375,1
2024-03-18,SKU-011,Fasteners Item 5,Fasteners,261,0
2024-03-25,SKU-011,Fasteners Item 5,Fasteners,280,0
2024-04-01,SKU-011,Fasteners Item 5,Fasteners,365,1
2024-04-08,SKU-011,Fasteners Item 5,Fasteners,237,0
2024-04-15,SKU-011,Fasteners Item 5,Fasteners,272,0
2024-04-22,SKU-011,Fasteners Item 5,Fasteners,209,0
2024-04-29,SKU-011,Fasteners Item 5,Fasteners,264,0
2024-05-06,SKU-011,Fasteners Item 5,Fasteners,266,0
2024-05-13,SKU-011,Fasteners Item 5,Fasteners,206,0
2024-05-20,SKU-011,Fasteners Item 5,Fasteners,218,1
2024-05-27,SKU-011,Fasteners Item 5,Fasteners,210,0
2024-06-03,SKU-011,Fasteners Item 5,Fasteners,201,0
2024-06-10,SKU-011,Fasteners Item 5,Fasteners,177,0
2024-06-17,SKU-011,Fasteners Item 5,Fasteners,234,0
2024-06-24,SKU-011,Fasteners Item 5,Fasteners,215,0
2024-07-01,SKU-011,Fasteners Item 5,Fasteners,202,0
2024-07-08,SKU-011,Fasteners Item 5,Fasteners,220,0
2024-07-15,SKU-011,Fasteners Item 5,Fasteners,269,0
2024-07-22,SKU-011,Fasteners Item 5,Fasteners,255,0
2024-07-29,SKU-011,Fasteners Item 5,Fasteners,233,0
2024-08-05,SKU-011,Fasteners Item 5,Fasteners,289,1
2024-08-12,SKU-011,Fasteners Item 5,Fasteners,235,0
2024-08-19,SKU-011,Fasteners Item 5,Fasteners,239,0
2024-08-26,SKU-011,Fasteners Item 5,Fasteners,225,0
2024-09-02,SKU-011,Fasteners Item 5,Fasteners,258,0
2024-09-09,SKU-011,Fasteners Item 5,Fasteners,231,0
2024-09-16,SKU-011,Fasteners Item 5,Fasteners,283,0
2024-09-23,SKU-011,Fasteners Item 5,Fasteners,298,0
2024-09-30,SKU-011,Fasteners Item 5,Fasteners,189,0
2024-10-07,SKU-011,Fasteners Item 5,Fasteners,343,0
2024-10-14,SKU-011,Fasteners Item 5,Fasteners,194,0
2024-10-21,SKU-011,Fasteners Item 5,Fasteners,285,0
2024-10-28,SKU-011,Fasteners Item 5,Fasteners,345,0
2024-11-04,SKU-011,Fasteners Item 5,Fasteners,292,0
2024-11-11,SKU-011,Fasteners Item 5,Fasteners,248,0
2024-11-18,SKU-011,Fasteners Item 5,Fasteners,260,0
2024-11-25,SKU-011,Fasteners Item 5,Fasteners,338,0
2024-12-02,SKU-011,Fasteners Item 5,Fasteners,234,0
2024-12-09,SKU-011,Fasteners Item 5,Fasteners,354,0
2024-12-16,SKU-011,Fasteners Item 5,Fasteners,317,0
2024-12-23,SKU-011,Fasteners Item 5,Fasteners,280,0
2024-12-30,SKU-011,Fasteners Item 5,Fasteners,309,0
2025-01-06,SKU-011,Fasteners Item 5,Fasteners,507,1
2025-01-13,SKU-011,Fasteners Item 5,Fasteners,362,0
2025-01-20,SKU-011,Fasteners Item 5,Fasteners,259,0
2025-01-27,SKU-011,Fasteners Item 5,Fasteners,301,0
2025-02-03,SKU-011,Fasteners Item 5,Fasteners,274,0
2025-02-10,SKU-011,Fasteners Item 5,Fasteners,340,0
2025-02-17,SKU-011,Fasteners Item 5,Fasteners,239,0
2025-02-24,SKU-011,Fasteners Item 5,Fasteners,332,0
2025-03-03,SKU-011,Fasteners Item 5,Fasteners,299,1
2025-03-10,SKU-011,Fasteners Item 5,Fasteners,251,0
2025-03-17,SKU-011,Fasteners Item 5,Fasteners,248,0
2025-03-24,SKU-011,Fasteners Item 5,Fasteners,397,1
2025-03-31,SKU-011,Fasteners Item 5,Fasteners,233,0
2025-04-07,SKU-011,Fasteners Item 5,Fasteners,200,0
2025-04-14,SKU-011,Fasteners Item 5,Fasteners,252,0
2025-04-21,SKU-011,Fasteners Item 5,Fasteners,201,0
2025-04-28,SKU-011,Fasteners Item 5,Fasteners,224,0
2025-05-05,SKU-011,Fasteners Item 5,Fasteners,264,1
2025-05-12,SKU-011,Fasteners Item 5,Fasteners,281,0
2025-05-19,SKU-011,Fasteners Item 5,Fasteners,221,0
2025-05-26,SKU-011,Fasteners Item 5,Fasteners,222,0
2025-06-02,SKU-011,Fasteners Item 5,Fasteners,169,0
2025-06-09,SKU-011,Fasteners Item 5,Fasteners,200,0
2025-06-16,SKU-011,Fasteners Item 5,Fasteners,227,0
2025-06-23,SKU-011,Fasteners Item 5,Fasteners,198,0
2025-06-30,SKU-011,Fasteners Item 5,Fasteners,256,0
2025-07-07,SKU-011,Fasteners Item 5,Fasteners,201,0
2025-07-14,SKU-011,Fasteners Item 5,Fasteners,228,0
2025-07-21,SKU-011,Fasteners Item 5,Fasteners,220,0
2025-07-28,SKU-011,Fasteners Item 5,Fasteners,308,1
2025-08-04,SKU-011,Fasteners Item 5,Fasteners,226,0
2025-08-11,SKU-011,Fasteners Item 5,Fasteners,226,0
2025-08-18,SKU-011,Fasteners Item 5,Fasteners,213,0
2025-08-25,SKU-011,Fasteners Item 5,Fasteners,251,0
2025-09-01,SKU-011,Fasteners Item 5,Fasteners,251,0
2025-09-08,SKU-011,Fasteners Item 5,Fasteners,251,0
2025-09-15,SKU-011,Fasteners Item 5,Fasteners,251,0
2025-09-22,SKU-011,Fasteners Item 5,Fasteners,304,0
2025-09-29,SKU-011,Fasteners Item 5,Fasteners,281,0
2025-10-06,SKU-011,Fasteners Item 5,Fasteners,287,0
2025-10-13,SKU-011,Fasteners Item 5,Fasteners,424,1
2025-10-20,SKU-011,Fasteners Item 5,Fasteners,257,0
2025-10-27,SKU-011,Fasteners Item 5,Fasteners,333,0
2025-11-03,SKU-011,Fasteners Item 5,Fasteners,233,0
2025-11-10,SKU-011,Fasteners Item 5,Fasteners,307,0
2025-11-17,SKU-011,Fasteners Item 5,Fasteners,354,0
2025-11-24,SKU-011,Fasteners Item 5,Fasteners,316,0
2025-12-01,SKU-011,Fasteners Item 5,Fasteners,309,0
2025-12-08,SKU-011,Fasteners Item 5,Fasteners,289,0
2025-12-15,SKU-011,Fasteners Item 5,Fasteners,319,0
2025-12-22,SKU-011,Fasteners Item 5,Fasteners,315,0
2025-12-29,SKU-011,Fasteners Item 5,Fasteners,300,0
2026-01-05,SKU-011,Fasteners Item 5,Fasteners,321,0
2026-01-12,SKU-011,Fasteners Item 5,Fasteners,338,0
2026-01-19,SKU-011,Fasteners Item 5,Fasteners,294,0
2026-01-26,SKU-011,Fasteners Item 5,Fasteners,284,0
2026-02-02,SKU-011,Fasteners Item 5,Fasteners,254,0
2026-02-09,SKU-011,Fasteners Item 5,Fasteners,306,0
2026-02-16,SKU-011,Fasteners Item 5,Fasteners,302,0
2026-02-23,SKU-011,Fasteners Item 5,Fasteners,284,0
2026-03-02,SKU-011,Fasteners Item 5,Fasteners,305,0
2026-03-09,SKU-011,Fasteners Item 5,Fasteners,275,0
2026-03-16,SKU-011,Fasteners Item 5,Fasteners,349,1
2026-03-23,SKU-011,Fasteners Item 5,Fasteners,270,0
2026-03-30,SKU-011,Fasteners Item 5,Fasteners,255,0
2026-04-06,SKU-011,Fasteners Item 5,Fasteners,340,0
2026-04-13,SKU-011,Fasteners Item 5,Fasteners,249,0
2026-04-20,SKU-011,Fasteners Item 5,Fasteners,234,0
2026-04-27,SKU-011,Fasteners Item 5,Fasteners,257,0
2026-05-04,SKU-011,Fasteners Item 5,Fasteners,241,0
2026-05-11,SKU-011,Fasteners Item 5,Fasteners,187,0
2026-05-18,SKU-011,Fasteners Item 5,Fasteners,248,0
2026-05-25,SKU-011,Fasteners Item 5,Fasteners,212,0
2026-06-01,SKU-011,Fasteners Item 5,Fasteners,185,0
2026-06-08,SKU-011,Fasteners Item 5,Fasteners,246,0
2026-06-15,SKU-011,Fasteners Item 5,Fasteners,236,0
2026-06-22,SKU-011,Fasteners Item 5,Fasteners,191,0
2026-06-29,SKU-011,Fasteners Item 5,Fasteners,279,0
2026-07-06,SKU-011,Fasteners Item 5,Fasteners,252,0
2026-07-13,SKU-011,Fasteners Item 5,Fasteners,235,0
2026-07-20,SKU-011,Fasteners Item 5,Fasteners,280,0
2026-07-27,SKU-011,Fasteners Item 5,Fasteners,238,0
2026-08-03,SKU-011,Fasteners Item 5,Fasteners,231,0
2026-08-10,SKU-011,Fasteners Item 5,Fasteners,213,0
2026-08-17,SKU-011,Fasteners Item 5,Fasteners,248,0
2026-08-24,SKU-011,Fasteners Item 5,Fasteners,249,0
2026-08-31,SKU-011,Fasteners Item 5,Fasteners,285,1
2026-09-07,SKU-011,Fasteners Item 5,Fasteners,256,0
2026-09-14,SKU-011,Fasteners Item 5,Fasteners,261,0
2026-09-21,SKU-011,Fasteners Item 5,Fasteners,232,0
2026-09-28,SKU-011,Fasteners Item 5,Fasteners,236,0
2024-01-01,SKU-012,Fasteners Item 6,Fasteners,165,0
2024-01-08,SKU-012,Fasteners Item 6,Fasteners,115,0
2024-01-15,SKU-012,Fasteners Item 6,Fasteners,0,0
2024-01-22,SKU-012,Fasteners Item 6,Fasteners,170,0
2024-01-29,SKU-012,Fasteners Item 6,Fasteners,0,0
2024-02-05,SKU-012,Fasteners Item 6,Fasteners,127,0
2024-02-12,SKU-012,Fasteners Item 6,Fasteners,108,0
2024-02-19,SKU-012,Fasteners Item 6,Fasteners,102,0
2024-02-26,SKU-012,Fasteners Item 6,Fasteners,80,0
2024-03-04,SKU-012,Fasteners Item 6,Fasteners,0,0
2024-03-11,SKU-012,Fasteners Item 6,Fasteners,0,0
2024-03-18,SKU-012,Fasteners Item 6,Fasteners,104,0
2024-03-25,SKU-012,Fasteners Item 6,Fasteners,0,0
2024-04-01,SKU-012,Fasteners Item 6,Fasteners,109,0
2024-04-08,SKU-012,Fasteners Item 6,Fasteners,104,0
2024-04-15,SKU-012,Fasteners Item 6,Fasteners,0,0
2024-04-22,SKU-012,Fasteners Item 6,Fasteners,0,0
2024-04-29,SKU-012,Fasteners Item 6,Fasteners,0,0
2024-05-06,SKU-012,Fasteners Item 6,Fasteners,0,0
2024-05-13,SKU-012,Fasteners Item 6,Fasteners,0,0
2024-05-20,SKU-012,Fasteners Item 6,Fasteners,0,0
2024-05-27,SKU-012,Fasteners Item 6,Fasteners,0,0
2024-06-03,SKU-012,Fasteners Item 6,Fasteners,99,0
2024-06-10,SKU-012,Fasteners Item 6,Fasteners,0,0
2024-06-17,SKU-012,Fasteners Item 6,Fasteners,0,1
2024-06-24,SKU-012,Fasteners Item 6,Fasteners,0,1
2024-07-01,SKU-012,Fasteners Item 6,Fasteners,138,0
2024-07-08,SKU-012,Fasteners Item 6,Fasteners,152,1
2024-07-15,SKU-012,Fasteners Item 6,Fasteners,0,0
2024-07-22,SKU-012,Fasteners Item 6,Fasteners,125,0
2024-07-29,SKU-012,Fasteners Item 6,Fasteners,125,0
2024-08-05,SKU-012,Fasteners Item 6,Fasteners,124,0
2024-08-12,SKU-012,Fasteners Item 6,Fasteners,144,0
2024-08-19,SKU-012,Fasteners Item 6,Fasteners,80,0
2024-08-26,SKU-012,Fasteners Item 6,Fasteners,135,0
2024-09-02,SKU-012,Fasteners Item 6,Fasteners,0,0
2024-09-09,SKU-012,Fasteners Item 6,Fasteners,162,0
2024-09-16,SKU-012,Fasteners Item 6,Fasteners,259,1
2024-09-23,SKU-012,Fasteners Item 6,Fasteners,128,0
2024-09-30,SKU-012,Fasteners Item 6,Fasteners,0,0
2024-10-07,SKU-012,Fasteners Item 6,Fasteners,175,0
2024-10-14,SKU-012,Fasteners Item 6,Fasteners,166,0
2024-10-21,SKU-012,Fasteners Item 6,Fasteners,150,0
2024-10-28,SKU-012,Fasteners Item 6,Fasteners,159,0
2024-11-04,SKU-012,Fasteners Item 6,Fasteners,176,0
2024-11-11,SKU-012,Fasteners Item 6,Fasteners,0,0
2024-11-18,SKU-012,Fasteners Item 6,Fasteners,124,0
2024-11-25,SKU-012,Fasteners Item 6,Fasteners,0,0
2024-12-02,SKU-012,Fasteners Item 6,Fasteners,155,0
2024-12-09,SKU-012,Fasteners Item 6,Fasteners,135,0
2024-12-16,SKU-012,Fasteners Item 6,Fasteners,186,0
2024-12-23,SKU-012,Fasteners Item 6,Fasteners,0,0
2024-12-30,SKU-012,Fasteners Item 6,Fasteners,236,1
2025-01-06,SKU-012,Fasteners Item 6,Fasteners,140,0
2025-01-13,SKU-012,Fasteners Item 6,Fasteners,172,0
2025-01-20,SKU-012,Fasteners Item 6,Fasteners,176,0
2025-01-27,SKU-012,Fasteners Item 6,Fasteners,0,0
2025-02-03,SKU-012,Fasteners Item 6,Fasteners,197,0
2025-02-10,SKU-012,Fasteners Item 6,Fasteners,105,0
2025-02-17,SKU-012,Fasteners Item 6,Fasteners,0,0
2025-02-24,SKU-012,Fasteners Item 6,Fasteners,137,0
2025-03-03,SKU-012,Fasteners Item 6,Fasteners,0,0
2025-03-10,SKU-012,Fasteners Item 6,Fasteners,112,0
2025-03-17,SKU-012,Fasteners Item 6,Fasteners,0,1
2025-03-24,SKU-012,Fasteners Item 6,Fasteners,118,0
2025-03-31,SKU-012,Fasteners Item 6,Fasteners,0,0
2025-04-07,SKU-012,Fasteners Item 6,Fasteners,0,0
2025-04-14,SKU-012,Fasteners Item 6,Fasteners,122,0
2025-04-21,SKU-012,Fasteners Item 6,Fasteners,93,0
2025-04-28,SKU-012,Fasteners Item 6,Fasteners,0,0
2025-05-05,SKU-012,Fasteners Item 6,Fasteners,180,1
2025-05-12,SKU-012,Fasteners Item 6,Fasteners,108,0
2025-05-19,SKU-012,Fasteners Item 6,Fasteners,0,1
2025-05-26,SKU-012,Fasteners Item 6,Fasteners,83,0
2025-06-02,SKU-012,Fasteners Item 6,Fasteners,0,0
2025-06-09,SKU-012,Fasteners Item 6,Fasteners,122,1
2025-06-16,SKU-012,Fasteners Item 6,Fasteners,0,0
2025-06-23,SKU-012,Fasteners Item 6,Fasteners,114,0
2025-06-30,SKU-012,Fasteners Item 6,Fasteners,128,0
2025-07-07,SKU-012,Fasteners Item 6,Fasteners,0,0
2025-07-14,SKU-012,Fasteners Item 6,Fasteners,174,0
2025-07-21,SKU-012,Fasteners Item 6,Fasteners,77,0
2025-07-28,SKU-012,Fasteners Item 6,Fasteners,81,0
2025-08-04,SKU-012,Fasteners Item 6,Fasteners,121,0
2025-08-11,SKU-012,Fasteners Item 6,Fasteners,0,0
2025-08-18,SKU-012,Fasteners Item 6,Fasteners,142,0
2025-08-25,SKU-012,Fasteners Item 6,Fasteners,0,0
2025-09-01,SKU-012,Fasteners Item 6,Fasteners,0,0
2025-09-08,SKU-012,Fasteners Item 6,Fasteners,144,0
2025-09-15,SKU-012,Fasteners Item 6,Fasteners,94,0
2025-09-22,SKU-012,Fasteners Item 6,Fasteners,0,0
2025-09-29,SKU-012,Fasteners Item 6,Fasteners,153,0
2025-10-06,SKU-012,Fasteners Item 6,Fasteners,0,0
2025-10-13,SKU-012,Fasteners Item 6,Fasteners,217,1
2025-10-20,SKU-012,Fasteners Item 6,Fasteners,196,0
2025-10-27,SKU-012,Fasteners Item 6,Fasteners,226,1
2025-11-03,SKU-012,Fasteners Item 6,Fasteners,0,0
2025-11-10,SKU-012,Fasteners Item 6,Fasteners,234,1
2025-11-17,SKU-012,Fasteners Item 6,Fasteners,205,0
2025-11-24,SKU-012,Fasteners Item 6,Fasteners,152,0
2025-12-01,SKU-012,Fasteners Item 6,Fasteners,149,0
2025-12-08,SKU-012,Fasteners Item 6,Fasteners,108,0
2025-12-15,SKU-012,Fasteners Item 6,Fasteners,132,0
2025-12-22,SKU-012,Fasteners Item 6,Fasteners,132,0
2025-12-29,SKU-012,Fasteners Item 6,Fasteners,164,0
2026-01-05,SKU-012,Fasteners Item 6,Fasteners,172,0
2026-01-12,SKU-012,Fasteners Item 6,Fasteners,158,0
2026-01-19,SKU-012,Fasteners Item 6,Fasteners,113,0
2026-01-26,SKU-012,Fasteners Item 6,Fasteners,0,0
2026-02-02,SKU-012,Fasteners Item 6,Fasteners,106,0
2026-02-09,SKU-012,Fasteners Item 6,Fasteners,0,0
2026-02-16,SKU-012,Fasteners Item 6,Fasteners,118,0
2026-02-23,SKU-012,Fasteners Item 6,Fasteners,0,0
2026-03-02,SKU-012,Fasteners Item 6,Fasteners,0,0
2026-03-09,SKU-012,Fasteners Item 6,Fasteners,97,0
2026-03-16,SKU-012,Fasteners Item 6,Fasteners,138,0
2026-03-23,SKU-012,Fasteners Item 6,Fasteners,0,0
2026-03-30,SKU-012,Fasteners Item 6,Fasteners,0,0
2026-04-06,SKU-012,Fasteners Item 6,Fasteners,96,0
2026-04-13,SKU-012,Fasteners Item 6,Fasteners,0,0
2026-04-20,SKU-012,Fasteners Item 6,Fasteners,84,0
2026-04-27,SKU-012,Fasteners Item 6,Fasteners,117,0
2026-05-04,SKU-012,Fasteners Item 6,Fasteners,121,0
2026-05-11,SKU-012,Fasteners Item 6,Fasteners,0,0
2026-05-18,SKU-012,Fasteners Item 6,Fasteners,103,0
2026-05-25,SKU-012,Fasteners Item 6,Fasteners,110,0
2026-06-01,SKU-012,Fasteners Item 6,Fasteners,86,0
2026-06-08,SKU-012,Fasteners Item 6,Fasteners,101,0
2026-06-15,SKU-012,Fasteners Item 6,Fasteners,127,0
2026-06-22,SKU-012,Fasteners Item 6,Fasteners,0,0
2026-06-29,SKU-012,Fasteners Item 6,Fasteners,75,0
2026-07-06,SKU-012,Fasteners Item 6,Fasteners,132,0
2026-07-13,SKU-012,Fasteners Item 6,Fasteners,0,0
2026-07-20,SKU-012,Fasteners Item 6,Fasteners,149,0
2026-07-27,SKU-012,Fasteners Item 6,Fasteners,0,0
2026-08-03,SKU-012,Fasteners Item 6,Fasteners,94,0
2026-08-10,SKU-012,Fasteners Item 6,Fasteners,0,0
2026-08-17,SKU-012,Fasteners Item 6,Fasteners,78,0
2026-08-24,SKU-012,Fasteners Item 6,Fasteners,134,0
2026-08-31,SKU-012,Fasteners Item 6,Fasteners,147,0
2026-09-07,SKU-012,Fasteners Item 6,Fasteners,156,0
2026-09-14,SKU-012,Fasteners Item 6,Fasteners,222,0
2026-09-21,SKU-012,Fasteners Item 6,Fasteners,108,0
2026-09-28,SKU-012,Fasteners Item 6,Fasteners,0,0
2024-01-01,SKU-013,Packaging Item 1,Packaging,233,0
2024-01-08,SKU-013,Packaging Item 1,Packaging,198,0
2024-01-15,SKU-013,Packaging Item 1,Packaging,204,0
2024-01-22,SKU-013,Packaging Item 1,Packaging,197,0
2024-01-29,SKU-013,Packaging Item 1,Packaging,180,0
2024-02-05,SKU-013,Packaging Item 1,Packaging,196,0
2024-02-12,SKU-013,Packaging Item 1,Packaging,241,0
2024-02-19,SKU-013,Packaging Item 1,Packaging,268,1
2024-02-26,SKU-013,Packaging Item 1,Packaging,233,0
2024-03-04,SKU-013,Packaging Item 1,Packaging,238,0
2024-03-11,SKU-013,Packaging Item 1,Packaging,217,0
2024-03-18,SKU-013,Packaging Item 1,Packaging,159,0
2024-03-25,SKU-013,Packaging Item 1,Packaging,240,0
2024-04-01,SKU-013,Packaging Item 1,Packaging,167,0
2024-04-08,SKU-013,Packaging Item 1,Packaging,267,0
2024-04-15,SKU-013,Packaging Item 1,Packaging,229,0
2024-04-22,SKU-013,Packaging Item 1,Packaging,250,0
2024-04-29,SKU-013,Packaging Item 1,Packaging,198,0
2024-05-06,SKU-013,Packaging Item 1,Packaging,182,0
2024-05-13,SKU-013,Packaging Item 1,Packaging,236,0
2024-05-20,SKU-013,Packaging Item 1,Packaging,234,0
2024-05-27,SKU-013,Packaging Item 1,Packaging,229,0
2024-06-03,SKU-013,Packaging Item 1,Packaging,254,0
2024-06-10,SKU-013,Packaging Item 1,Packaging,345,0
2024-06-17,SKU-013,Packaging Item 1,Packaging,291,0
2024-06-24,SKU-013,Packaging Item 1,Packaging,299,0
2024-07-01,SKU-013,Packaging Item 1,Packaging,291,0
2024-07-08,SKU-013,Packaging Item 1,Packaging,307,0
2024-07-15,SKU-013,Packaging Item 1,Packaging,249,0
2024-07-22,SKU-013,Packaging Item 1,Packaging,188,0
2024-07-29,SKU-013,Packaging Item 1,Packaging,240,0
2024-08-05,SKU-013,Packaging Item 1,Packaging,267,0
2024-08-12,SKU-013,Packaging Item 1,Packaging,345,1
2024-08-19,SKU-013,Packaging Item 1,Packaging,226,0
2024-08-26,SKU-013,Packaging Item 1,Packaging,296,0
2024-09-02,SKU-013,Packaging Item 1,Packaging,278,0
2024-09-09,SKU-013,Packaging Item 1,Packaging,278,0
2024-09-16,SKU-013,Packaging Item 1,Packaging,278,0
2024-09-23,SKU-013,Packaging Item 1,Packaging,255,0
2024-09-30,SKU-013,Packaging Item 1,Packaging,257,0
2024-10-07,SKU-013,Packaging Item 1,Packaging,250,1
2024-10-14,SKU-013,Packaging Item 1,Packaging,240,0
2024-10-21,SKU-013,Packaging Item 1,Packaging,237,0
2024-10-28,SKU-013,Packaging Item 1,Packaging,254,0
2024-11-04,SKU-013,Packaging Item 1,Packaging,259,0
2024-11-11,SKU-013,Packaging Item 1,Packaging,258,0
2024-11-18,SKU-013,Packaging Item 1,Packaging,192,0
2024-11-25,SKU-013,Packaging Item 1,Packaging,213,0
2024-12-02,SKU-013,Packaging Item 1,Packaging,239,0
2024-12-09,SKU-013,Packaging Item 1,Packaging,299,0
2024-12-16,SKU-013,Packaging Item 1,Packaging,271,0
2024-12-23,SKU-013,Packaging Item 1,Packaging,261,0
2024-12-30,SKU-013,Packaging Item 1,Packaging,217,0
2025-01-06,SKU-013,Packaging Item 1,Packaging,200,0
2025-01-13,SKU-013,Packaging Item 1,Packaging,239,0
2025-01-20,SKU-013,Packaging Item 1,Packaging,186,0
2025-01-27,SKU-013,Packaging Item 1,Packaging,206,0
2025-02-03,SKU-013,Packaging Item 1,Packaging,210,0
2025-02-10,SKU-013,Packaging Item 1,Packaging,257,0
2025-02-17,SKU-013,Packaging Item 1,Packaging,212,0
2025-02-24,SKU-013,Packaging Item 1,Packaging,333,1
2025-03-03,SKU-013,Packaging Item 1,Packaging,218,0
2025-03-10,SKU-013,Packaging Item 1,Packaging,247,0
2025-03-17,SKU-013,Packaging Item 1,Packaging,250,0
2025-03-24,SKU-013,Packaging Item 1,Packaging,248,0
2025-03-31,SKU-013,Packaging Item 1,Packaging,287,1
2025-04-07,SKU-013,Packaging Item 1,Packaging,241,0
2025-04-14,SKU-013,Packaging Item 1,Packaging,275,0
2025-04-21,SKU-013,Packaging Item 1,Packaging,234,0
2025-04-28,SKU-013,Packaging Item 1,Packaging,203,0
2025-05-05,SKU-013,Packaging Item 1,Packaging,274,0
2025-05-12,SKU-013,Packaging Item 1,Packaging,293,0
2025-05-19,SKU-013,Packaging Item 1,Packaging,264,0
2025-05-26,SKU-013,Packaging Item 1,Packaging,433,1
2025-06-02,SKU-013,Packaging Item 1,Packaging,228,0
2025-06-09,SKU-013,Packaging Item 1,Packaging,304,0
2025-06-16,SKU-013,Packaging Item 1,Packaging,332,1
2025-06-23,SKU-013,Packaging Item 1,Packaging,284,0
2025-06-30,SKU-013,Packaging Item 1,Packaging,292,0
2025-07-07,SKU-013,Packaging Item 1,Packaging,271,0
2025-07-14,SKU-013,Packaging Item 1,Packaging,308,0
2025-07-21,SKU-013,Packaging Item 1,Packaging,266,0
2025-07-28,SKU-013,Packaging Item 1,Packaging,309,0
2025-08-04,SKU-013,Packaging Item 1,Packaging,283,0
2025-08-11,SKU-013,Packaging Item 1,Packaging,252,0
2025-08-18,SKU-013,Packaging Item 1,Packaging,249,0
2025-08-25,SKU-013,Packaging Item 1,Packaging,226,0
2025-09-01,SKU-013,Packaging Item 1,Packaging,297,0
2025-09-08,SKU-013,Packaging Item 1,Packaging,278,0
2025-09-15,SKU-013,Packaging Item 1,Packaging,208,0
2025-09-22,SKU-013,Packaging Item 1,Packaging,270,0
2025-09-29,SKU-013,Packaging Item 1,Packaging,252,0
2025-10-06,SKU-013,Packaging Item 1,Packaging,326,0
2025-10-13,SKU-013,Packaging Item 1,Packaging,211,0
2025-10-20,SKU-013,Packaging Item 1,Packaging,212,0
2025-10-27,SKU-013,Packaging Item 1,Packaging,282,0
2025-11-03,SKU-013,Packaging Item 1,Packaging,285,0
2025-11-10,SKU-013,Packaging Item 1,Packaging,222,0
2025-11-17,SKU-013,Packaging Item 1,Packaging,227,0
2025-11-24,SKU-013,Packaging Item 1,Packaging,268,0
2025-12-01,SKU-013,Packaging Item 1,Packaging,277,1
2025-12-08,SKU-013,Packaging Item 1,Packaging,248,0
2025-12-15,SKU-013,Packaging Item 1,Packaging,307,0
2025-12-22,SKU-013,Packaging Item 1,Packaging,244,0
2025-12-29,SKU-013,Packaging Item 1,Packaging,258,0
2026-01-05,SKU-013,Packaging Item 1,Packaging,284,0
2026-01-12,SKU-013,Packaging Item 1,Packaging,307,0
2026-01-19,SKU-013,Packaging Item 1,Packaging,224,0
2026-01-26,SKU-013,Packaging Item 1,Packaging,377,1
2026-02-02,SKU-013,Packaging Item 1,Packaging,194,0
2026-02-09,SKU-013,Packaging Item 1,Packaging,271,0
2026-02-16,SKU-013,Packaging Item 1,Packaging,218,0
2026-02-23,SKU-013,Packaging Item 1,Packaging,260,0
2026-03-02,SKU-013,Packaging Item 1,Packaging,258,0
2026-03-09,SKU-013,Packaging Item 1,Packaging,337,1
2026-03-16,SKU-013,Packaging Item 1,Packaging,291,0
2026-03-23,SKU-013,Packaging Item 1,Packaging,329,1
2026-03-30,SKU-013,Packaging Item 1,Packaging,290,0
2026-04-06,SKU-013,Packaging Item 1,Packaging,331,1
2026-04-13,SKU-013,Packaging Item 1,Packaging,310,0
2026-04-20,SKU-013,Packaging Item 1,Packaging,310,0
2026-04-27,SKU-013,Packaging Item 1,Packaging,369,0
2026-05-04,SKU-013,Packaging Item 1,Packaging,270,0
2026-05-11,SKU-013,Packaging Item 1,Packaging,273,0
2026-05-18,SKU-013,Packaging Item 1,Packaging,324,0
2026-05-25,SKU-013,Packaging Item 1,Packaging,337,0
2026-06-01,SKU-013,Packaging Item 1,Packaging,297,0
2026-06-08,SKU-013,Packaging Item 1,Packaging,310,0
2026-06-15,SKU-013,Packaging Item 1,Packaging,354,0
2026-06-22,SKU-013,Packaging Item 1,Packaging,301,0
2026-06-29,SKU-013,Packaging Item 1,Packaging,316,0
2026-07-06,SKU-013,Packaging Item 1,Packaging,331,0
2026-07-13,SKU-013,Packaging Item 1,Packaging,359,0
2026-07-20,SKU-013,Packaging Item 1,Packaging,290,0
2026-07-27,SKU-013,Packaging Item 1,Packaging,240,0
2026-08-03,SKU-013,Packaging Item 1,Packaging,235,0
2026-08-10,SKU-013,Packaging Item 1,Packaging,259,0
2026-08-17,SKU-013,Packaging Item 1,Packaging,260,0
2026-08-24,SKU-013,Packaging Item 1,Packaging,308,0
2026-08-31,SKU-013,Packaging Item 1,Packaging,274,0
2026-09-07,SKU-013,Packaging Item 1,Packaging,296,0
2026-09-14,SKU-013,Packaging Item 1,Packaging,293,0
2026-09-21,SKU-013,Packaging Item 1,Packaging,303,0
2026-09-28,SKU-013,Packaging Item 1,Packaging,364,0
2024-01-01,SKU-014,Packaging Item 2,Packaging,85,0
2024-01-08,SKU-014,Packaging Item 2,Packaging,73,0
2024-01-15,SKU-014,Packaging Item 2,Packaging,96,1
2024-01-22,SKU-014,Packaging Item 2,Packaging,80,0
2024-01-29,SKU-014,Packaging Item 2,Packaging,105,1
2024-02-05,SKU-014,Packaging Item 2,Packaging,98,0
2024-02-12,SKU-014,Packaging Item 2,Packaging,79,0
2024-02-19,SKU-014,Packaging Item 2,Packaging,62,0
2024-02-26,SKU-014,Packaging Item 2,Packaging,82,0
2024-03-04,SKU-014,Packaging Item 2,Packaging,104,0
2024-03-11,SKU-014,Packaging Item 2,Packaging,99,0
2024-03-18,SKU-014,Packaging Item 2,Packaging,97,0
2024-03-25,SKU-014,Packaging Item 2,Packaging,106,0
2024-04-01,SKU-014,Packaging Item 2,Packaging,99,0
2024-04-08,SKU-014,Packaging Item 2,Packaging,106,0
2024-04-15,SKU-014,Packaging Item 2,Packaging,101,0
2024-04-22,SKU-014,Packaging Item 2,Packaging,107,0
2024-04-29,SKU-014,Packaging Item 2,Packaging,94,0
2024-05-06,SKU-014,Packaging Item 2,Packaging,101,0
2024-05-13,SKU-014,Packaging Item 2,Packaging,89,0
2024-05-20,SKU-014,Packaging Item 2,Packaging,87,0
2024-05-27,SKU-014,Packaging Item 2,Packaging,116,0
2024-06-03,SKU-014,Packaging Item 2,Packaging,100,0
2024-06-10,SKU-014,Packaging Item 2,Packaging,106,0
2024-06-17,SKU-014,Packaging Item 2,Packaging,97,0
2024-06-24,SKU-014,Packaging Item 2,Packaging,123,1
2024-07-01,SKU-014,Packaging Item 2,Packaging,106,0
2024-07-08,SKU-014,Packaging Item 2,Packaging,92,0
2024-07-15,SKU-014,Packaging Item 2,Packaging,66,0
2024-07-22,SKU-014,Packaging Item 2,Packaging,78,0
2024-07-29,SKU-014,Packaging Item 2,Packaging,95,0
2024-08-05,SKU-014,Packaging Item 2,Packaging,75,0
2024-08-12,SKU-014,Packaging Item 2,Packaging,60,0
2024-08-19,SKU-014,Packaging Item 2,Packaging,95,0
2024-08-26,SKU-014,Packaging Item 2,Packaging,84,0
2024-09-02,SKU-014,Packaging Item 2,Packaging,77,0
2024-09-09,SKU-014,Packaging Item 2,Packaging,73,0
2024-09-16,SKU-014,Packaging Item 2,Packaging,85,0
2024-09-23,SKU-014,Packaging Item 2,Packaging,68,0
2024-09-30,SKU-014,Packaging Item 2,Packaging,81,0
2024-10-07,SKU-014,Packaging Item 2,Packaging,73,0
2024-10-14,SKU-014,Packaging Item 2,Packaging,68,0
2024-10-21,SKU-014,Packaging Item 2,Packaging,66,0
2024-10-28,SKU-014,Packaging Item 2,Packaging,63,0
2024-11-04,SKU-014,Packaging Item 2,Packaging,73,0
2024-11-11,SKU-014,Packaging Item 2,Packaging,60,0
2024-11-18,SKU-014,Packaging Item 2,Packaging,55,0
2024-11-25,SKU-014,Packaging Item 2,Packaging,76,0
2024-12-02,SKU-014,Packaging Item 2,Packaging,79,0
2024-12-09,SKU-014,Packaging Item 2,Packaging,79,0
2024-12-16,SKU-014,Packaging Item 2,Packaging,80,0
2024-12-23,SKU-014,Packaging Item 2,Packaging,73,0
2024-12-30,SKU-014,Packaging Item 2,Packaging,84,0
2025-01-06,SKU-014,Packaging Item 2,Packaging,76,0
2025-01-13,SKU-014,Packaging Item 2,Packaging,72,0
2025-01-20,SKU-014,Packaging Item 2,Packaging,74,0
2025-01-27,SKU-014,Packaging Item 2,Packaging,97,0
2025-02-03,SKU-014,Packaging Item 2,Packaging,64,0
2025-02-10,SKU-014,Packaging Item 2,Packaging,89,0
2025-02-17,SKU-014,Packaging Item 2,Packaging,70,0
2025-02-24,SKU-014,Packaging Item 2,Packaging,90,0
2025-03-03,SKU-014,Packaging Item 2,Packaging,90,0
2025-03-10,SKU-014,Packaging Item 2,Packaging,73,0
2025-03-17,SKU-014,Packaging Item 2,Packaging,103,0
2025-03-24,SKU-014,Packaging Item 2,Packaging,94,0
2025-03-31,SKU-014,Packaging Item 2,Packaging,73,0
2025-04-07,SKU-014,Packaging Item 2,Packaging,106,0
2025-04-14,SKU-014,Packaging Item 2,Packaging,111,0
2025-04-21,SKU-014,Packaging Item 2,Packaging,111,0
2025-04-28,SKU-014,Packaging Item 2,Packaging,134,1
2025-05-05,SKU-014,Packaging Item 2,Packaging,110,0
2025-05-12,SKU-014,Packaging Item 2,Packaging,116,0
2025-05-19,SKU-014,Packaging Item 2,Packaging,125,1
2025-05-26,SKU-014,Packaging Item 2,Packaging,103,0
2025-06-02,SKU-014,Packaging Item 2,Packaging,107,0
2025-06-09,SKU-014,Packaging Item 2,Packaging,79,0
2025-06-16,SKU-014,Packaging Item 2,Packaging,105,0
2025-06-23,SKU-014,Packaging Item 2,Packaging,124,0
2025-06-30,SKU-014,Packaging Item 2,Packaging,101,0
2025-07-07,SKU-014,Packaging Item 2,Packaging,106,0
2025-07-14,SKU-014,Packaging Item 2,Packaging,88,0
2025-07-21,SKU-014,Packaging Item 2,Packaging,83,0
2025-07-28,SKU-014,Packaging Item 2,Packaging,96,1
2025-08-04,SKU-014,Packaging Item 2,Packaging,120,1
2025-08-11,SKU-014,Packaging Item 2,Packaging,94,0
2025-08-18,SKU-014,Packaging Item 2,Packaging,71,0
2025-08-25,SKU-014,Packaging Item 2,Packaging,110,1
2025-09-01,SKU-014,Packaging Item 2,Packaging,84,0
2025-09-08,SKU-014,Packaging Item 2,Packaging,84,0
2025-09-15,SKU-014,Packaging Item 2,Packaging,88,0
2025-09-22,SKU-014,Packaging Item 2,Packaging,77,0
2025-09-29,SKU-014,Packaging Item 2,Packaging,86,0
2025-10-06,SKU-014,Packaging Item 2,Packaging,74,0
2025-10-13,SKU-014,Packaging Item 2,Packaging,74,0
2025-10-20,SKU-014,Packaging Item 2,Packaging,120,1
2025-10-27,SKU-014,Packaging Item 2,Packaging,71,0
2025-11-03,SKU-014,Packaging Item 2,Packaging,74,0
2025-11-10,SKU-014,Packaging Item 2,Packaging,56,0
2025-11-17,SKU-014,Packaging Item 2,Packaging,64,0
2025-11-24,SKU-014,Packaging Item 2,Packaging,85,0
2025-12-01,SKU-014,Packaging Item 2,Packaging,79,0
2025-12-08,SKU-014,Packaging Item 2,Packaging,60,0
2025-12-15,SKU-014,Packaging Item 2,Packaging,89,0
2025-12-22,SKU-014,Packaging Item 2,Packaging,74,0
2025-12-29,SKU-014,Packaging Item 2,Packaging,93,0
2026-01-05,SKU-014,Packaging Item 2,Packaging,79,0
2026-01-12,SKU-014,Packaging Item 2,Packaging,81,0
2026-01-19,SKU-014,Packaging Item 2,Packaging,91,0
2026-01-26,SKU-014,Packaging Item 2,Packaging,73,0
2026-02-02,SKU-014,Packaging Item 2,Packaging,74,0
2026-02-09,SKU-014,Packaging Item 2,Packaging,85,0
2026-02-16,SKU-014,Packaging Item 2,Packaging,100,0
2026-02-23,SKU-014,Packaging Item 2,Packaging,80,0
2026-03-02,SKU-014,Packaging Item 2,Packaging,79,0
2026-03-09,SKU-014,Packaging Item 2,Packaging,111,0
2026-03-16,SKU-014,Packaging Item 2,Packaging,95,0
2026-03-23,SKU-014,Packaging Item 2,Packaging,98,0
2026-03-30,SKU-014,Packaging Item 2,Packaging,79,0
2026-04-06,SKU-014,Packaging Item 2,Packaging,92,0
2026-04-13,SKU-014,Packaging Item 2,Packaging,99,0
2026-04-20,SKU-014,Packaging Item 2,Packaging,115,1
2026-04-27,SKU-014,Packaging Item 2,Packaging,117,0
2026-05-04,SKU-014,Packaging Item 2,Packaging,91,0
2026-05-11,SKU-014,Packaging Item 2,Packaging,92,0
2026-05-18,SKU-014,Packaging Item 2,Packaging,121,0
2026-05-25,SKU-014,Packaging Item 2,Packaging,107,0
2026-06-01,SKU-014,Packaging Item 2,Packaging,98,0
2026-06-08,SKU-014,Packaging Item 2,Packaging,103,0
2026-06-15,SKU-014,Packaging Item 2,Packaging,121,0
2026-06-22,SKU-014,Packaging Item 2,Packaging,112,1
2026-06-29,SKU-014,Packaging Item 2,Packaging,97,0
2026-07-06,SKU-014,Packaging Item 2,Packaging,95,0
2026-07-13,SKU-014,Packaging Item 2,Packaging,79,0
2026-07-20,SKU-014,Packaging Item 2,Packaging,87,0
2026-07-27,SKU-014,Packaging Item 2,Packaging,85,0
2026-08-03,SKU-014,Packaging Item 2,Packaging,139,1
2026-08-10,SKU-014,Packaging Item 2,Packaging,80,0
2026-08-17,SKU-014,Packaging Item 2,Packaging,82,0
2026-08-24,SKU-014,Packaging Item 2,Packaging,91,0
2026-08-31,SKU-014,Packaging Item 2,Packaging,78,0
2026-09-07,SKU-014,Packaging Item 2,Packaging,89,0
2026-09-14,SKU-014,Packaging Item 2,Packaging,81,0
2026-09-21,SKU-014,Packaging Item 2,Packaging,70,0
2026-09-28,SKU-014,Packaging Item 2,Packaging,68,0
2024-01-01,SKU-015,Packaging Item 3,Packaging,78,0
2024-01-08,SKU-015,Packaging Item 3,Packaging,95,1
2024-01-15,SKU-015,Packaging Item 3,Packaging,82,0
2024-01-22,SKU-015,Packaging Item 3,Packaging,90,1
2024-01-29,SKU-015,Packaging Item 3,Packaging,91,0
2024-02-05,SKU-015,Packaging Item 3,Packaging,97,0
2024-02-12,SKU-015,Packaging Item 3,Packaging,76,0
2024-02-19,SKU-015,Packaging Item 3,Packaging,84,0
2024-02-26,SKU-015,Packaging Item 3,Packaging,76,0
2024-03-04,SKU-015,Packaging Item 3,Packaging,81,0
2024-03-11,SKU-015,Packaging Item 3,Packaging,93,0
2024-03-18,SKU-015,Packaging Item 3,Packaging,84,0
2024-03-25,SKU-015,Packaging Item 3,Packaging,64,0
2024-04-01,SKU-015,Packaging Item 3,Packaging,87,0
2024-04-08,SKU-015,Packaging Item 3,Packaging,96,0
2024-04-15,SKU-015,Packaging Item 3,Packaging,81,0
2024-04-22,SKU-015,Packaging Item 3,Packaging,92,0
2024-04-29,SKU-015,Packaging Item 3,Packaging,74,0
2024-05-06,SKU-015,Packaging Item 3,Packaging,64,0
2024-05-13,SKU-015,Packaging Item 3,Packaging,77,0
2024-05-20,SKU-015,Packaging Item 3,Packaging,58,0
2024-05-27,SKU-015,Packaging Item 3,Packaging,70,0
2024-06-03,SKU-015,Packaging Item 3,Packaging,82,0
2024-06-10,SKU-015,Packaging Item 3,Packaging,55,0
2024-06-17,SKU-015,Packaging Item 3,Packaging,61,0
2024-06-24,SKU-015,Packaging Item 3,Packaging,65,0
2024-07-01,SKU-015,Packaging Item 3,Packaging,75,0
2024-07-08,SKU-015,Packaging Item 3,Packaging,73,0
2024-07-15,SKU-015,Packaging Item 3,Packaging,90,0
2024-07-22,SKU-015,Packaging Item 3,Packaging,85,0
2024-07-29,SKU-015,Packaging Item 3,Packaging,104,1
2024-08-05,SKU-015,Packaging Item 3,Packaging,78,0
2024-08-12,SKU-015,Packaging Item 3,Packaging,65,0
2024-08-19,SKU-015,Packaging Item 3,Packaging,79,0
2024-08-26,SKU-015,Packaging Item 3,Packaging,62,0
2024-09-02,SKU-015,Packaging Item 3,Packaging,79,0
2024-09-09,SKU-015,Packaging Item 3,Packaging,84,0
2024-09-16,SKU-015,Packaging Item 3,Packaging,78,0
2024-09-23,SKU-015,Packaging Item 3,Packaging,77,0
2024-09-30,SKU-015,Packaging Item 3,Packaging,86,0
2024-10-07,SKU-015,Packaging Item 3,Packaging,55,0
2024-10-14,SKU-015,Packaging Item 3,Packaging,89,0
2024-10-21,SKU-015,Packaging Item 3,Packaging,86,0
2024-10-28,SKU-015,Packaging Item 3,Packaging,86,0
2024-11-04,SKU-015,Packaging Item 3,Packaging,94,0
2024-11-11,SKU-015,Packaging Item 3,Packaging,102,1
2024-11-18,SKU-015,Packaging Item 3,Packaging,84,0
2024-11-25,SKU-015,Packaging Item 3,Packaging,86,0
2024-12-02,SKU-015,Packaging Item 3,Packaging,87,0
2024-12-09,SKU-015,Packaging Item 3,Packaging,90,0
2024-12-16,SKU-015,Packaging Item 3,Packaging,102,0
2024-12-23,SKU-015,Packaging Item 3,Packaging,81,0
2024-12-30,SKU-015,Packaging Item 3,Packaging,99,0
2025-01-06,SKU-015,Packaging Item 3,Packaging,114,0
2025-01-13,SKU-015,Packaging Item 3,Packaging,79,0
2025-01-20,SKU-015,Packaging Item 3,Packaging,103,0
2025-01-27,SKU-015,Packaging Item 3,Packaging,129,1
2025-02-03,SKU-015,Packaging Item 3,Packaging,87,0
2025-02-10,SKU-015,Packaging Item 3,Packaging,93,0
2025-02-17,SKU-015,Packaging Item 3,Packaging,114,0
2025-02-24,SKU-015,Packaging Item 3,Packaging,93,1
2025-03-03,SKU-015,Packaging Item 3,Packaging,77,0
2025-03-10,SKU-015,Packaging Item 3,Packaging,111,0
2025-03-17,SKU-015,Packaging Item 3,Packaging,88,0
2025-03-24,SKU-015,Packaging Item 3,Packaging,95,0
2025-03-31,SKU-015,Packaging Item 3,Packaging,92,0
2025-04-07,SKU-015,Packaging Item 3,Packaging,87,0
2025-04-14,SKU-015,Packaging Item 3,Packaging,95,0
2025-04-21,SKU-015,Packaging Item 3,Packaging,125,0
2025-04-28,SKU-015,Packaging Item 3,Packaging,110,1
2025-05-05,SKU-015,Packaging Item 3,Packaging,99,0
2025-05-12,SKU-015,Packaging Item 3,Packaging,80,0
2025-05-19,SKU-015,Packaging Item 3,Packaging,67,0
2025-05-26,SKU-015,Packaging Item 3,Packaging,120,1
2025-06-02,SKU-015,Packaging Item 3,Packaging,94,0
2025-06-09,SKU-015,Packaging Item 3,Packaging,79,0
2025-06-16,SKU-015,Packaging Item 3,Packaging,83,0
2025-06-23,SKU-015,Packaging Item 3,Packaging,94,0
2025-06-30,SKU-015,Packaging Item 3,Packaging,92,0
2025-07-07,SKU-015,Packaging Item 3,Packaging,85,0
2025-07-14,SKU-015,Packaging Item 3,Packaging,120,1
2025-07-21,SKU-015,Packaging Item 3,Packaging,101,0
2025-07-28,SKU-015,Packaging Item 3,Packaging,75,0
2025-08-04,SKU-015,Packaging Item 3,Packaging,93,0
2025-08-11,SKU-015,Packaging Item 3,Packaging,88,0
2025-08-18,SKU-015,Packaging Item 3,Packaging,91,0
2025-08-25,SKU-015,Packaging Item 3,Packaging,92,0
2025-09-01,SKU-015,Packaging Item 3,Packaging,77,0
2025-09-08,SKU-015,Packaging Item 3,Packaging,69,0
2025-09-15,SKU-015,Packaging Item 3,Packaging,82,0
2025-09-22,SKU-015,Packaging Item 3,Packaging,101,0
2025-09-29,SKU-015,Packaging Item 3,Packaging,89,0
2025-10-06,SKU-015,Packaging Item 3,Packaging,89,0
2025-10-13,SKU-015,Packaging Item 3,Packaging,78,0
2025-10-20,SKU-015,Packaging Item 3,Packaging,122,0
2025-10-27,SKU-015,Packaging Item 3,Packaging,111,0
2025-11-03,SKU-015,Packaging Item 3,Packaging,109,0
2025-11-10,SKU-015,Packaging Item 3,Packaging,111,0
2025-11-17,SKU-015,Packaging Item 3,Packaging,105,0
2025-11-24,SKU-015,Packaging Item 3,Packaging,95,0
2025-12-01,SKU-015,Packaging Item 3,Packaging,97,0
2025-12-08,SKU-015,Packaging Item 3,Packaging,96,0
2025-12-15,SKU-015,Packaging Item 3,Packaging,138,0
2025-12-22,SKU-015,Packaging Item 3,Packaging,115,0
2025-12-29,SKU-015,Packaging Item 3,Packaging,105,0
2026-01-05,SKU-015,Packaging Item 3,Packaging,120,0
2026-01-12,SKU-015,Packaging Item 3,Packaging,101,0
2026-01-19,SKU-015,Packaging Item 3,Packaging,137,0
2026-01-26,SKU-015,Packaging Item 3,Packaging,105,0
2026-02-02,SKU-015,Packaging Item 3,Packaging,119,0
2026-02-09,SKU-015,Packaging Item 3,Packaging,124,0
2026-02-16,SKU-015,Packaging Item 3,Packaging,112,0
2026-02-23,SKU-015,Packaging Item 3,Packaging,107,0
2026-03-02,SKU-015,Packaging Item 3,Packaging,105,0
2026-03-09,SKU-015,Packaging Item 3,Packaging,105,0
2026-03-16,SKU-015,Packaging Item 3,Packaging,130,1
2026-03-23,SKU-015,Packaging Item 3,Packaging,129,0
2026-03-30,SKU-015,Packaging Item 3,Packaging,110,0
2026-04-06,SKU-015,Packaging Item 3,Packaging,101,0
2026-04-13,SKU-015,Packaging Item 3,Packaging,105,0
2026-04-20,SKU-015,Packaging Item 3,Packaging,125,0
2026-04-27,SKU-015,Packaging Item 3,Packaging,117,0
2026-05-04,SKU-015,Packaging Item 3,Packaging,112,0
2026-05-11,SKU-015,Packaging Item 3,Packaging,98,0
2026-05-18,SKU-015,Packaging Item 3,Packaging,105,0
2026-05-25,SKU-015,Packaging Item 3,Packaging,89,0
2026-06-01,SKU-015,Packaging Item 3,Packaging,92,0
2026-06-08,SKU-015,Packaging Item 3,Packaging,107,0
2026-06-15,SKU-015,Packaging Item 3,Packaging,107,0
2026-06-22,SKU-015,Packaging Item 3,Packaging,116,1
2026-06-29,SKU-015,Packaging Item 3,Packaging,102,0
2026-07-06,SKU-015,Packaging Item 3,Packaging,123,0
2026-07-13,SKU-015,Packaging Item 3,Packaging,79,0
2026-07-20,SKU-015,Packaging Item 3,Packaging,105,0
2026-07-27,SKU-015,Packaging Item 3,Packaging,84,0
2026-08-03,SKU-015,Packaging Item 3,Packaging,91,0
2026-08-10,SKU-015,Packaging Item 3,Packaging,92,0
2026-08-17,SKU-015,Packaging Item 3,Packaging,90,0
2026-08-24,SKU-015,Packaging Item 3,Packaging,124,1
2026-08-31,SKU-015,Packaging Item 3,Packaging,89,0
2026-09-07,SKU-015,Packaging Item 3,Packaging,80,0
2026-09-14,SKU-015,Packaging Item 3,Packaging,110,0
2026-09-21,SKU-015,Packaging Item 3,Packaging,113,0
2026-09-28,SKU-015,Packaging Item 3,Packaging,119,0
2024-01-01,SKU-016,Packaging Item 4,Packaging,218,0
2024-01-08,SKU-016,Packaging Item 4,Packaging,247,0
2024-01-15,SKU-016,Packaging Item 4,Packaging,230,0
2024-01-22,SKU-016,Packaging Item 4,Packaging,233,0
2024-01-29,SKU-016,Packaging Item 4,Packaging,198,0
2024-02-05,SKU-016,Packaging Item 4,Packaging,191,0
2024-02-12,SKU-016,Packaging Item 4,Packaging,209,0
2024-02-19,SKU-016,Packaging Item 4,Packaging,214,0
2024-02-26,SKU-016,Packaging Item 4,Packaging,260,0
2024-03-04,SKU-016,Packaging Item 4,Packaging,271,0
2024-03-11,SKU-016,Packaging Item 4,Packaging,241,0
2024-03-18,SKU-016,Packaging Item 4,Packaging,288,0
2024-03-25,SKU-016,Packaging Item 4,Packaging,352,1
2024-04-01,SKU-016,Packaging Item 4,Packaging,215,0
2024-04-08,SKU-016,Packaging Item 4,Packaging,278,0
2024-04-15,SKU-016,Packaging Item 4,Packaging,227,0
2024-04-22,SKU-016,Packaging Item 4,Packaging,229,0
2024-04-29,SKU-016,Packaging Item 4,Packaging,216,0
2024-05-06,SKU-016,Packaging Item 4,Packaging,203,0
2024-05-13,SKU-016,Packaging Item 4,Packaging,331,1
2024-05-20,SKU-016,Packaging Item 4,Packaging,214,0
2024-05-27,SKU-016,Packaging Item 4,Packaging,330,0
2024-06-03,SKU-016,Packaging Item 4,Packaging,212,0
2024-06-10,SKU-016,Packaging Item 4,Packaging,208,0
2024-06-17,SKU-016,Packaging Item 4,Packaging,258,0
2024-06-24,SKU-016,Packaging Item 4,Packaging,282,0
2024-07-01,SKU-016,Packaging Item 4,Packaging,234,0
2024-07-08,SKU-016,Packaging Item 4,Packaging,240,0
2024-07-15,SKU-016,Packaging Item 4,Packaging,260,1
2024-07-22,SKU-016,Packaging Item 4,Packaging,187,0
2024-07-29,SKU-016,Packaging Item 4,Packaging,164,0
2024-08-05,SKU-016,Packaging Item 4,Packaging,217,0
2024-08-12,SKU-016,Packaging Item 4,Packaging,158,0
2024-08-19,SKU-016,Packaging Item 4,Packaging,185,0
2024-08-26,SKU-016,Packaging Item 4,Packaging,210,0
2024-09-02,SKU-016,Packaging Item 4,Packaging,204,0
2024-09-09,SKU-016,Packaging Item 4,Packaging,238,0
2024-09-16,SKU-016,Packaging Item 4,Packaging,233,0
2024-09-23,SKU-016,Packaging Item 4,Packaging,245,0
2024-09-30,SKU-016,Packaging Item 4,Packaging,235,0
2024-10-07,SKU-016,Packaging Item 4,Packaging,239,0
2024-10-14,SKU-016,Packaging Item 4,Packaging,206,0
2024-10-21,SKU-016,Packaging Item 4,Packaging,210,0
2024-10-28,SKU-016,Packaging Item 4,Packaging,215,0
2024-11-04,SKU-016,Packaging Item 4,Packaging,209,0
2024-11-11,SKU-016,Packaging Item 4,Packaging,200,0
2024-11-18,SKU-016,Packaging Item 4,Packaging,207,0
2024-11-25,SKU-016,Packaging Item 4,Packaging,199,0
2024-12-02,SKU-016,Packaging Item 4,Packaging,237,0
2024-12-09,SKU-016,Packaging Item 4,Packaging,226,0
2024-12-16,SKU-016,Packaging Item 4,Packaging,210,0
2024-12-23,SKU-016,Packaging Item 4,Packaging,209,0
2024-12-30,SKU-016,Packaging Item 4,Packaging,191,0
2025-01-06,SKU-016,Packaging Item 4,Packaging,245,0
2025-01-13,SKU-016,Packaging Item 4,Packaging,238,1
2025-01-20,SKU-016,Packaging Item 4,Packaging,236,0
2025-01-27,SKU-016,Packaging Item 4,Packaging,222,1
2025-02-03,SKU-016,Packaging Item 4,Packaging,247,0
2025-02-10,SKU-016,Packaging Item 4,Packaging,211,0
2025-02-17,SKU-016,Packaging Item 4,Packaging,221,0
2025-02-24,SKU-016,Packaging Item 4,Packaging,240,0
2025-03-03,SKU-016,Packaging Item 4,Packaging,278,0
2025-03-10,SKU-016,Packaging Item 4,Packaging,248,0
2025-03-17,SKU-016,Packaging Item 4,Packaging,211,0
2025-03-24,SKU-016,Packaging Item 4,Packaging,260,0
2025-03-31,SKU-016,Packaging Item 4,Packaging,226,0
2025-04-07,SKU-016,Packaging Item 4,Packaging,288,0
2025-04-14,SKU-016,Packaging Item 4,Packaging,230,0
2025-04-21,SKU-016,Packaging Item 4,Packaging,166,0
2025-04-28,SKU-016,Packaging Item 4,Packaging,237,0
2025-05-05,SKU-016,Packaging Item 4,Packaging,282,0
2025-05-12,SKU-016,Packaging Item 4,Packaging,277,0
2025-05-19,SKU-016,Packaging Item 4,Packaging,244,1
2025-05-26,SKU-016,Packaging Item 4,Packaging,269,0
2025-06-02,SKU-016,Packaging Item 4,Packaging,224,0
2025-06-09,SKU-016,Packaging Item 4,Packaging,253,0
2025-06-16,SKU-016,Packaging Item 4,Packaging,207,0
2025-06-23,SKU-016,Packaging Item 4,Packaging,221,0
2025-06-30,SKU-016,Packaging Item 4,Packaging,214,0
2025-07-07,SKU-016,Packaging Item 4,Packaging,251,0
2025-07-14,SKU-016,Packaging Item 4,Packaging,241,0
2025-07-21,SKU-016,Packaging Item 4,Packaging,238,1
2025-07-28,SKU-016,Packaging Item 4,Packaging,206,0
2025-08-04,SKU-016,Packaging Item 4,Packaging,196,0
2025-08-11,SKU-016,Packaging Item 4,Packaging,240,0
2025-08-18,SKU-016,Packaging Item 4,Packaging,253,0
2025-08-25,SKU-016,Packaging Item 4,Packaging,254,0
2025-09-01,SKU-016,Packaging Item 4,Packaging,207,0
2025-09-08,SKU-016,Packaging Item 4,Packaging,153,0
2025-09-15,SKU-016,Packaging Item 4,Packaging,364,1
2025-09-22,SKU-016,Packaging Item 4,Packaging,212,0
2025-09-29,SKU-016,Packaging Item 4,Packaging,197,0
2025-10-06,SKU-016,Packaging Item 4,Packaging,253,0
2025-10-13,SKU-016,Packaging Item 4,Packaging,238,0
2025-10-20,SKU-016,Packaging Item 4,Packaging,205,0
2025-10-27,SKU-016,Packaging Item 4,Packaging,197,0
2025-11-03,SKU-016,Packaging Item 4,Packaging,203,0
2025-11-10,SKU-016,Packaging Item 4,Packaging,216,0
2025-11-17,SKU-016,Packaging Item 4,Packaging,258,0
2025-11-24,SKU-016,Packaging Item 4,Packaging,298,1
2025-12-01,SKU-016,Packaging Item 4,Packaging,259,0
2025-12-08,SKU-016,Packaging Item 4,Packaging,197,0
2025-12-15,SKU-016,Packaging Item 4,Packaging,251,0
2025-12-22,SKU-016,Packaging Item 4,Packaging,220,0
2025-12-29,SKU-016,Packaging Item 4,Packaging,157,0
2026-01-05,SKU-016,Packaging Item 4,Packaging,164,0
2026-01-12,SKU-016,Packaging Item 4,Packaging,191,0
2026-01-19,SKU-016,Packaging Item 4,Packaging,230,0
2026-01-26,SKU-016,Packaging Item 4,Packaging,220,0
2026-02-02,SKU-016,Packaging Item 4,Packaging,226,0
2026-02-09,SKU-016,Packaging Item 4,Packaging,280,0
2026-02-16,SKU-016,Packaging Item 4,Packaging,198,0
2026-02-23,SKU-016,Packaging Item 4,Packaging,240,0
2026-03-02,SKU-016,Packaging Item 4,Packaging,255,0
2026-03-09,SKU-016,Packaging Item 4,Packaging,226,0
2026-03-16,SKU-016,Packaging Item 4,Packaging,249,0
2026-03-23,SKU-016,Packaging Item 4,Packaging,198,0
2026-03-30,SKU-016,Packaging Item 4,Packaging,282,0
2026-04-06,SKU-016,Packaging Item 4,Packaging,217,0
2026-04-13,SKU-016,Packaging Item 4,Packaging,288,0
2026-04-20,SKU-016,Packaging Item 4,Packaging,228,0
2026-04-27,SKU-016,Packaging Item 4,Packaging,256,0
2026-05-04,SKU-016,Packaging Item 4,Packaging,229,0
2026-05-11,SKU-016,Packaging Item 4,Packaging,275,1
2026-05-18,SKU-016,Packaging Item 4,Packaging,243,0
2026-05-25,SKU-016,Packaging Item 4,Packaging,253,0
2026-06-01,SKU-016,Packaging Item 4,Packaging,224,0
2026-06-08,SKU-016,Packaging Item 4,Packaging,244,0
2026-06-15,SKU-016,Packaging Item 4,Packaging,228,0
2026-06-22,SKU-016,Packaging Item 4,Packaging,307,0
2026-06-29,SKU-016,Packaging Item 4,Packaging,232,0
2026-07-06,SKU-016,Packaging Item 4,Packaging,270,0
2026-07-13,SKU-016,Packaging Item 4,Packaging,216,0
2026-07-20,SKU-016,Packaging Item 4,Packaging,253,1
2026-07-27,SKU-016,Packaging Item 4,Packaging,204,0
2026-08-03,SKU-016,Packaging Item 4,Packaging,308,1
2026-08-10,SKU-016,Packaging Item 4,Packaging,225,0
2026-08-17,SKU-016,Packaging Item 4,Packaging,260,0
2026-08-24,SKU-016,Packaging Item 4,Packaging,244,0
2026-08-31,SKU-016,Packaging Item 4,Packaging,274,0
2026-09-07,SKU-016,Packaging Item 4,Packaging,228,0
2026-09-14,SKU-016,Packaging Item 4,Packaging,293,0
2026-09-21,SKU-016,Packaging Item 4,Packaging,211,0
2026-09-28,SKU-016,Packaging Item 4,Packaging,198,0
2024-01-01,SKU-017,Packaging Item 5,Packaging,287,1
2024-01-08,SKU-017,Packaging Item 5,Packaging,164,0
2024-01-15,SKU-017,Packaging Item 5,Packaging,192,0
2024-01-22,SKU-017,Packaging Item 5,Packaging,273,0
2024-01-29,SKU-017,Packaging Item 5,Packaging,245,0
2024-02-05,SKU-017,Packaging Item 5,Packaging,213,0
2024-02-12,SKU-017,Packaging Item 5,Packaging,228,0
2024-02-19,SKU-017,Packaging Item 5,Packaging,230,0
2024-02-26,SKU-017,Packaging Item 5,Packaging,247,0
2024-03-04,SKU-017,Packaging Item 5,Packaging,189,0
2024-03-11,SKU-017,Packaging Item 5,Packaging,205,0
2024-03-18,SKU-017,Packaging Item 5,Packaging,315,1
2024-03-25,SKU-017,Packaging Item 5,Packaging,253,0
2024-04-01,SKU-017,Packaging Item 5,Packaging,207,0
2024-04-08,SKU-017,Packaging Item 5,Packaging,259,0
2024-04-15,SKU-017,Packaging Item 5,Packaging,285,0
2024-04-22,SKU-017,Packaging Item 5,Packaging,369,1
2024-04-29,SKU-017,Packaging Item 5,Packaging,248,0
2024-05-06,SKU-017,Packaging Item 5,Packaging,221,0
2024-05-13,SKU-017,Packaging Item 5,Packaging,237,0
2024-05-20,SKU-017,Packaging Item 5,Packaging,266,0
2024-05-27,SKU-017,Packaging Item 5,Packaging,220,0
2024-06-03,SKU-017,Packaging Item 5,Packaging,195,0
2024-06-10,SKU-017,Packaging Item 5,Packaging,202,0
2024-06-17,SKU-017,Packaging Item 5,Packaging,219,0
2024-06-24,SKU-017,Packaging Item 5,Packaging,205,0
2024-07-01,SKU-017,Packaging Item 5,Packaging,230,0
2024-07-08,SKU-017,Packaging Item 5,Packaging,233,0
2024-07-15,SKU-017,Packaging Item 5,Packaging,243,0
2024-07-22,SKU-017,Packaging Item 5,Packaging,255,0
2024-07-29,SKU-017,Packaging Item 5,Packaging,240,0
2024-08-05,SKU-017,Packaging Item 5,Packaging,225,1
2024-08-12,SKU-017,Packaging Item 5,Packaging,227,1
2024-08-19,SKU-017,Packaging Item 5,Packaging,265,1
2024-08-26,SKU-017,Packaging Item 5,Packaging,179,0
2024-09-02,SKU-017,Packaging Item 5,Packaging,171,0
2024-09-09,SKU-017,Packaging Item 5,Packaging,178,0
2024-09-16,SKU-017,Packaging Item 5,Packaging,261,1
2024-09-23,SKU-017,Packaging Item 5,Packaging,247,0
2024-09-30,SKU-017,Packaging Item 5,Packaging,200,0
2024-10-07,SKU-017,Packaging Item 5,Packaging,194,0
2024-10-14,SKU-017,Packaging Item 5,Packaging,206,0
2024-10-21,SKU-017,Packaging Item 5,Packaging,216,0
2024-10-28,SKU-017,Packaging Item 5,Packaging,223,0
2024-11-04,SKU-017,Packaging Item 5,Packaging,264,0
2024-11-11,SKU-017,Packaging Item 5,Packaging,271,1
2024-11-18,SKU-017,Packaging Item 5,Packaging,214,0
2024-11-25,SKU-017,Packaging Item 5,Packaging,169,0
2024-12-02,SKU-017,Packaging Item 5,Packaging,229,0
2024-12-09,SKU-017,Packaging Item 5,Packaging,245,0
2024-12-16,SKU-017,Packaging Item 5,Packaging,197,0
2024-12-23,SKU-017,Packaging Item 5,Packaging,228,0
2024-12-30,SKU-017,Packaging Item 5,Packaging,189,0
2025-01-06,SKU-017,Packaging Item 5,Packaging,210,0
2025-01-13,SKU-017,Packaging Item 5,Packaging,289,0
2025-01-20,SKU-017,Packaging Item 5,Packaging,248,0
2025-01-27,SKU-017,Packaging Item 5,Packaging,231,0
2025-02-03,SKU-017,Packaging Item 5,Packaging,274,0
2025-02-10,SKU-017,Packaging Item 5,Packaging,248,0
2025-02-17,SKU-017,Packaging Item 5,Packaging,246,0
2025-02-24,SKU-017,Packaging Item 5,Packaging,281,0
2025-03-03,SKU-017,Packaging Item 5,Packaging,221,0
2025-03-10,SKU-017,Packaging Item 5,Packaging,230,0
2025-03-17,SKU-017,Packaging Item 5,Packaging,267,0
2025-03-24,SKU-017,Packaging Item 5,Packaging,300,0
2025-03-31,SKU-017,Packaging Item 5,Packaging,316,0
2025-04-07,SKU-017,Packaging Item 5,Packaging,259,0
2025-04-14,SKU-017,Packaging Item 5,Packaging,318,0
2025-04-21,SKU-017,Packaging Item 5,Packaging,260,0
2025-04-28,SKU-017,Packaging Item 5,Packaging,347,0
2025-05-05,SKU-017,Packaging Item 5,Packaging,240,0
2025-05-12,SKU-017,Packaging Item 5,Packaging,313,0
2025-05-19,SKU-017,Packaging Item 5,Packaging,240,0
2025-05-26,SKU-017,Packaging Item 5,Packaging,314,0
2025-06-02,SKU-017,Packaging Item 5,Packaging,264,0
2025-06-09,SKU-017,Packaging Item 5,Packaging,213,0
2025-06-16,SKU-017,Packaging Item 5,Packaging,227,0
2025-06-23,SKU-017,Packaging Item 5,Packaging,266,0
2025-06-30,SKU-017,Packaging Item 5,Packaging,276,0
2025-07-07,SKU-017,Packaging Item 5,Packaging,245,0
2025-07-14,SKU-017,Packaging Item 5,Packaging,249,0
2025-07-21,SKU-017,Packaging Item 5,Packaging,268,0
2025-07-28,SKU-017,Packaging Item 5,Packaging,245,0
2025-08-04,SKU-017,Packaging Item 5,Packaging,276,1
2025-08-11,SKU-017,Packaging Item 5,Packaging,305,1
2025-08-18,SKU-017,Packaging Item 5,Packaging,263,0
2025-08-25,SKU-017,Packaging Item 5,Packaging,234,0
2025-09-01,SKU-017,Packaging Item 5,Packaging,273,1
2025-09-08,SKU-017,Packaging Item 5,Packaging,192,0
2025-09-15,SKU-017,Packaging Item 5,Packaging,206,0
2025-09-22,SKU-017,Packaging Item 5,Packaging,193,0
2025-09-29,SKU-017,Packaging Item 5,Packaging,187,0
2025-10-06,SKU-017,Packaging Item 5,Packaging,236,0
2025-10-13,SKU-017,Packaging Item 5,Packaging,237,0
2025-10-20,SKU-017,Packaging Item 5,Packaging,256,0
2025-10-27,SKU-017,Packaging Item 5,Packaging,254,0
2025-11-03,SKU-017,Packaging Item 5,Packaging,245,0
2025-11-10,SKU-017,Packaging Item 5,Packaging,252,0
2025-11-17,SKU-017,Packaging Item 5,Packaging,233,0
2025-11-24,SKU-017,Packaging Item 5,Packaging,245,0
2025-12-01,SKU-017,Packaging Item 5,Packaging,214,0
2025-12-08,SKU-017,Packaging Item 5,Packaging,250,0
2025-12-15,SKU-017,Packaging Item 5,Packaging,266,0
2025-12-22,SKU-017,Packaging Item 5,Packaging,235,0
2025-12-29,SKU-017,Packaging Item 5,Packaging,269,0
2026-01-05,SKU-017,Packaging Item 5,Packaging,257,0
2026-01-12,SKU-017,Packaging Item 5,Packaging,270,0
2026-01-19,SKU-017,Packaging Item 5,Packaging,400,1
2026-01-26,SKU-017,Packaging Item 5,Packaging,336,0
2026-02-02,SKU-017,Packaging Item 5,Packaging,318,0
2026-02-09,SKU-017,Packaging Item 5,Packaging,366,0
2026-02-16,SKU-017,Packaging Item 5,Packaging,286,0
2026-02-23,SKU-017,Packaging Item 5,Packaging,394,0
2026-03-02,SKU-017,Packaging Item 5,Packaging,280,0
2026-03-09,SKU-017,Packaging Item 5,Packaging,298,0
2026-03-16,SKU-017,Packaging Item 5,Packaging,280,0
2026-03-23,SKU-017,Packaging Item 5,Packaging,314,0
2026-03-30,SKU-017,Packaging Item 5,Packaging,339,0
2026-04-06,SKU-017,Packaging Item 5,Packaging,311,0
2026-04-13,SKU-017,Packaging Item 5,Packaging,388,0
2026-04-20,SKU-017,Packaging Item 5,Packaging,330,0
2026-04-27,SKU-017,Packaging Item 5,Packaging,328,0
2026-05-04,SKU-017,Packaging Item 5,Packaging,277,0
2026-05-11,SKU-017,Packaging Item 5,Packaging,317,0
2026-05-18,SKU-017,Packaging Item 5,Packaging,287,0
2026-05-25,SKU-017,Packaging Item 5,Packaging,262,0
2026-06-01,SKU-017,Packaging Item 5,Packaging,249,0
2026-06-08,SKU-017,Packaging Item 5,Packaging,358,0
2026-06-15,SKU-017,Packaging Item 5,Packaging,261,0
2026-06-22,SKU-017,Packaging Item 5,Packaging,224,0
2026-06-29,SKU-017,Packaging Item 5,Packaging,250,0
2026-07-06,SKU-017,Packaging Item 5,Packaging,274,0
2026-07-13,SKU-017,Packaging Item 5,Packaging,294,0
2026-07-20,SKU-017,Packaging Item 5,Packaging,292,0
2026-07-27,SKU-017,Packaging Item 5,Packaging,291,0
2026-08-03,SKU-017,Packaging Item 5,Packaging,242,0
2026-08-10,SKU-017,Packaging Item 5,Packaging,264,0
2026-08-17,SKU-017,Packaging Item 5,Packaging,219,0
2026-08-24,SKU-017,Packaging Item 5,Packaging,220,0
2026-08-31,SKU-017,Packaging Item 5,Packaging,208,0
2026-09-07,SKU-017,Packaging Item 5,Packaging,199,0
2026-09-14,SKU-017,Packaging Item 5,Packaging,264,0
2026-09-21,SKU-017,Packaging Item 5,Packaging,258,0
2026-09-28,SKU-017,Packaging Item 5,Packaging,274,0
2024-01-01,SKU-018,Packaging Item 6,Packaging,0,1
2024-01-08,SKU-018,Packaging Item 6,Packaging,148,0
2024-01-15,SKU-018,Packaging Item 6,Packaging,242,0
2024-01-22,SKU-018,Packaging Item 6,Packaging,180,0
2024-01-29,SKU-018,Packaging Item 6,Packaging,194,0
2024-02-05,SKU-018,Packaging Item 6,Packaging,0,1
2024-02-12,SKU-018,Packaging Item 6,Packaging,243,0
2024-02-19,SKU-018,Packaging Item 6,Packaging,0,0
2024-02-26,SKU-018,Packaging Item 6,Packaging,0,0
2024-03-04,SKU-018,Packaging Item 6,Packaging,0,0
2024-03-11,SKU-018,Packaging Item 6,Packaging,248,0
2024-03-18,SKU-018,Packaging Item 6,Packaging,0,1
2024-03-25,SKU-018,Packaging Item 6,Packaging,274,0
2024-04-01,SKU-018,Packaging Item 6,Packaging,306,0
2024-04-08,SKU-018,Packaging Item 6,Packaging,291,0
2024-04-15,SKU-018,Packaging Item 6,Packaging,242,0
2024-04-22,SKU-018,Packaging Item 6,Packaging,149,0
2024-04-29,SKU-018,Packaging Item 6,Packaging,0,0
2024-05-06,SKU-018,Packaging Item 6,Packaging,195,0
2024-05-13,SKU-018,Packaging Item 6,Packaging,0,0
2024-05-20,SKU-018,Packaging Item 6,Packaging,182,0
2024-05-27,SKU-018,Packaging Item 6,Packaging,0,0
2024-06-03,SKU-018,Packaging Item 6,Packaging,0,1
2024-06-10,SKU-018,Packaging Item 6,Packaging,196,0
2024-06-17,SKU-018,Packaging Item 6,Packaging,222,0
2024-06-24,SKU-018,Packaging Item 6,Packaging,292,0
2024-07-01,SKU-018,Packaging Item 6,Packaging,0,1
2024-07-08,SKU-018,Packaging Item 6,Packaging,272,0
2024-07-15,SKU-018,Packaging Item 6,Packaging,0,0
2024-07-22,SKU-018,Packaging Item 6,Packaging,0,0
2024-07-29,SKU-018,Packaging Item 6,Packaging,0,0
2024-08-05,SKU-018,Packaging Item 6,Packaging,220,0
2024-08-12,SKU-018,Packaging Item 6,Packaging,151,0
2024-08-19,SKU-018,Packaging Item 6,Packaging,218,0
2024-08-26,SKU-018,Packaging Item 6,Packaging,210,0
2024-09-02,SKU-018,Packaging Item 6,Packaging,0,0
2024-09-09,SKU-018,Packaging Item 6,Packaging,197,0
2024-09-16,SKU-018,Packaging Item 6,Packaging,0,1
2024-09-23,SKU-018,Packaging Item 6,Packaging,170,0
2024-09-30,SKU-018,Packaging Item 6,Packaging,205,0
2024-10-07,SKU-018,Packaging Item 6,Packaging,0,0
2024-10-14,SKU-018,Packaging Item 6,Packaging,0,1
2024-10-21,SKU-018,Packaging Item 6,Packaging,0,1
2024-10-28,SKU-018,Packaging Item 6,Packaging,0,0
2024-11-04,SKU-018,Packaging Item 6,Packaging,185,0
2024-11-11,SKU-018,Packaging Item 6,Packaging,249,0
2024-11-18,SKU-018,Packaging Item 6,Packaging,205,0
2024-11-25,SKU-018,Packaging Item 6,Packaging,0,0
2024-12-02,SKU-018,Packaging Item 6,Packaging,0,0
2024-12-09,SKU-018,Packaging Item 6,Packaging,0,0
2024-12-16,SKU-018,Packaging Item 6,Packaging,0,0
2024-12-23,SKU-018,Packaging Item 6,Packaging,201,0
2024-12-30,SKU-018,Packaging Item 6,Packaging,320,0
2025-01-06,SKU-018,Packaging Item 6,Packaging,210,0
2025-01-13,SKU-018,Packaging Item 6,Packaging,0,0
2025-01-20,SKU-018,Packaging Item 6,Packaging,0,0
2025-01-27,SKU-018,Packaging Item 6,Packaging,177,0
2025-02-03,SKU-018,Packaging Item 6,Packaging,0,0
2025-02-10,SKU-018,Packaging Item 6,Packaging,0,0
2025-02-17,SKU-018,Packaging Item 6,Packaging,259,0
2025-02-24,SKU-018,Packaging Item 6,Packaging,0,0
2025-03-03,SKU-018,Packaging Item 6,Packaging,321,0
2025-03-10,SKU-018,Packaging Item 6,Packaging,0,0
2025-03-17,SKU-018,Packaging Item 6,Packaging,321,0
2025-03-24,SKU-018,Packaging Item 6,Packaging,267,0
2025-03-31,SKU-018,Packaging Item 6,Packaging,470,1
2025-04-07,SKU-018,Packaging Item 6,Packaging,338,0
2025-04-14,SKU-018,Packaging Item 6,Packaging,307,0
2025-04-21,SKU-018,Packaging Item 6,Packaging,314,0
2025-04-28,SKU-018,Packaging Item 6,Packaging,251,0
2025-05-05,SKU-018,Packaging Item 6,Packaging,314,0
2025-05-12,SKU-018,Packaging Item 6,Packaging,0,0
2025-05-19,SKU-018,Packaging Item 6,Packaging,0,0
2025-05-26,SKU-018,Packaging Item 6,Packaging,342,0
2025-06-02,SKU-018,Packaging Item 6,Packaging,0,0
2025-06-09,SKU-018,Packaging Item 6,Packaging,358,0
2025-06-16,SKU-018,Packaging Item 6,Packaging,0,0
2025-06-23,SKU-018,Packaging Item 6,Packaging,340,1
2025-06-30,SKU-018,Packaging Item 6,Packaging,0,0
2025-07-07,SKU-018,Packaging Item 6,Packaging,273,0
2025-07-14,SKU-018,Packaging Item 6,Packaging,253,0
2025-07-21,SKU-018,Packaging Item 6,Packaging,230,0
2025-07-28,SKU-018,Packaging Item 6,Packaging,0,0
2025-08-04,SKU-018,Packaging Item 6,Packaging,149,0
2025-08-11,SKU-018,Packaging Item 6,Packaging,243,0
2025-08-18,SKU-018,Packaging Item 6,Packaging,231,0
2025-08-25,SKU-018,Packaging Item 6,Packaging,0,0
2025-09-01,SKU-018,Packaging Item 6,Packaging,0,0
2025-09-08,SKU-018,Packaging Item 6,Packaging,229,0
2025-09-15,SKU-018,Packaging Item 6,Packaging,0,0
2025-09-22,SKU-018,Packaging Item 6,Packaging,275,0
2025-09-29,SKU-018,Packaging Item 6,Packaging,0,0
2025-10-06,SKU-018,Packaging Item 6,Packaging,238,0
2025-10-13,SKU-018,Packaging Item 6,Packaging,0,0
2025-10-20,SKU-018,Packaging Item 6,Packaging,181,0
2025-10-27,SKU-018,Packaging Item 6,Packaging,242,0
2025-11-03,SKU-018,Packaging Item 6,Packaging,191,0
2025-11-10,SKU-018,Packaging Item 6,Packaging,108,0
2025-11-17,SKU-018,Packaging Item 6,Packaging,0,0
2025-11-24,SKU-018,Packaging Item 6,Packaging,237,1
2025-12-01,SKU-018,Packaging Item 6,Packaging,0,0
2025-12-08,SKU-018,Packaging Item 6,Packaging,0,0
2025-12-15,SKU-018,Packaging Item 6,Packaging,284,0
2025-12-22,SKU-018,Packaging Item 6,Packaging,0,0
2025-12-29,SKU-018,Packaging Item 6,Packaging,0,0
2026-01-05,SKU-018,Packaging Item 6,Packaging,273,0
2026-01-12,SKU-018,Packaging Item 6,Packaging,0,0
2026-01-19,SKU-018,Packaging Item 6,Packaging,281,0
2026-01-26,SKU-018,Packaging Item 6,Packaging,246,1
2026-02-02,SKU-018,Packaging Item 6,Packaging,288,0
2026-02-09,SKU-018,Packaging Item 6,Packaging,0,0
2026-02-16,SKU-018,Packaging Item 6,Packaging,294,0
2026-02-23,SKU-018,Packaging Item 6,Packaging,305,0
2026-03-02,SKU-018,Packaging Item 6,Packaging,0,0
2026-03-09,SKU-018,Packaging Item 6,Packaging,464,0
2026-03-16,SKU-018,Packaging Item 6,Packaging,333,0
2026-03-23,SKU-018,Packaging Item 6,Packaging,0,0
2026-03-30,SKU-018,Packaging Item 6,Packaging,297,0
2026-04-06,SKU-018,Packaging Item 6,Packaging,291,0
2026-04-13,SKU-018,Packaging Item 6,Packaging,0,0
2026-04-20,SKU-018,Packaging Item 6,Packaging,265,0
2026-04-27,SKU-018,Packaging Item 6,Packaging,352,0
2026-05-04,SKU-018,Packaging Item 6,Packaging,260,0
2026-05-11,SKU-018,Packaging Item 6,Packaging,203,0
2026-05-18,SKU-018,Packaging Item 6,Packaging,355,0
2026-05-25,SKU-018,Packaging Item 6,Packaging,285,0
2026-06-01,SKU-018,Packaging Item 6,Packaging,233,0
2026-06-08,SKU-018,Packaging Item 6,Packaging,380,0
2026-06-15,SKU-018,Packaging Item 6,Packaging,303,0
2026-06-22,SKU-018,Packaging Item 6,Packaging,349,0
2026-06-29,SKU-018,Packaging Item 6,Packaging,211,0
2026-07-06,SKU-018,Packaging Item 6,Packaging,0,0
2026-07-13,SKU-018,Packaging Item 6,Packaging,169,0
2026-07-20,SKU-018,Packaging Item 6,Packaging,0,0
2026-07-27,SKU-018,Packaging Item 6,Packaging,212,0
2026-08-03,SKU-018,Packaging Item 6,Packaging,278,0
2026-08-10,SKU-018,Packaging Item 6,Packaging,281,0
2026-08-17,SKU-018,Packaging Item 6,Packaging,277,0
2026-08-24,SKU-018,Packaging Item 6,Packaging,339,0
2026-08-31,SKU-018,Packaging Item 6,Packaging,439,0
2026-09-07,SKU-018,Packaging Item 6,Packaging,301,0
2026-09-14,SKU-018,Packaging Item 6,Packaging,0,0
2026-09-21,SKU-018,Packaging Item 6,Packaging,313,0
2026-09-28,SKU-018,Packaging Item 6,Packaging,338,0
2024-01-01,SKU-019,Plastics Item 1,Plastics,209,0
2024-01-08,SKU-019,Plastics Item 1,Plastics,232,0
2024-01-15,SKU-019,Plastics Item 1,Plastics,180,0
2024-01-22,SKU-019,Plastics Item 1,Plastics,206,0
2024-01-29,SKU-019,Plastics Item 1,Plastics,176,0
2024-02-05,SKU-019,Plastics Item 1,Plastics,189,0
2024-02-12,SKU-019,Plastics Item 1,Plastics,208,0
2024-02-19,SKU-019,Plastics Item 1,Plastics,188,0
2024-02-26,SKU-019,Plastics Item 1,Plastics,151,0
2024-03-04,SKU-019,Plastics Item 1,Plastics,152,0
2024-03-11,SKU-019,Plastics Item 1,Plastics,151,0
2024-03-18,SKU-019,Plastics Item 1,Plastics,194,0
2024-03-25,SKU-019,Plastics Item 1,Plastics,231,0
2024-04-01,SKU-019,Plastics Item 1,Plastics,217,0
2024-04-08,SKU-019,Plastics Item 1,Plastics,144,0
2024-04-15,SKU-019,Plastics Item 1,Plastics,291,1
2024-04-22,SKU-019,Plastics Item 1,Plastics,148,0
2024-04-29,SKU-019,Plastics Item 1,Plastics,169,0
2024-05-06,SKU-019,Plastics Item 1,Plastics,191,0
2024-05-13,SKU-019,Plastics Item 1,Plastics,172,0
2024-05-20,SKU-019,Plastics Item 1,Plastics,131,0
2024-05-27,SKU-019,Plastics Item 1,Plastics,160,1
2024-06-03,SKU-019,Plastics Item 1,Plastics,144,0
2024-06-10,SKU-019,Plastics Item 1,Plastics,167,0
2024-06-17,SKU-019,Plastics Item 1,Plastics,148,0
2024-06-24,SKU-019,Plastics Item 1,Plastics,141,0
2024-07-01,SKU-019,Plastics Item 1,Plastics,168,0
2024-07-08,SKU-019,Plastics Item 1,Plastics,171,0
2024-07-15,SKU-019,Plastics Item 1,Plastics,177,0
2024-07-22,SKU-019,Plastics Item 1,Plastics,168,0
2024-07-29,SKU-019,Plastics Item 1,Plastics,170,0
2024-08-05,SKU-019,Plastics Item 1,Plastics,161,0
2024-08-12,SKU-019,Plastics Item 1,Plastics,150,0
2024-08-19,SKU-019,Plastics Item 1,Plastics,145,0
2024-08-26,SKU-019,Plastics Item 1,Plastics,139,0
2024-09-02,SKU-019,Plastics Item 1,Plastics,124,0
2024-09-09,SKU-019,Plastics Item 1,Plastics,132,0
2024-09-16,SKU-019,Plastics Item 1,Plastics,150,0
2024-09-23,SKU-019,Plastics Item 1,Plastics,167,0
2024-09-30,SKU-019,Plastics Item 1,Plastics,199,0
2024-10-07,SKU-019,Plastics Item 1,Plastics,176,0
2024-10-14,SKU-019,Plastics Item 1,Plastics,204,0
2024-10-21,SKU-019,Plastics Item 1,Plastics,210,0
2024-10-28,SKU-019,Plastics Item 1,Plastics,182,0
2024-11-04,SKU-019,Plastics Item 1,Plastics,201,0
2024-11-11,SKU-019,Plastics Item 1,Plastics,182,0
2024-11-18,SKU-019,Plastics Item 1,Plastics,217,0
2024-11-25,SKU-019,Plastics Item 1,Plastics,203,0
2024-12-02,SKU-019,Plastics Item 1,Plastics,165,0
2024-12-09,SKU-019,Plastics Item 1,Plastics,201,0
2024-12-16,SKU-019,Plastics Item 1,Plastics,245,0
2024-12-23,SKU-019,Plastics Item 1,Plastics,310,1
2024-12-30,SKU-019,Plastics Item 1,Plastics,234,0
2025-01-06,SKU-019,Plastics Item 1,Plastics,198,0
2025-01-13,SKU-019,Plastics Item 1,Plastics,266,1
2025-01-20,SKU-019,Plastics Item 1,Plastics,212,0
2025-01-27,SKU-019,Plastics Item 1,Plastics,256,0
2025-02-03,SKU-019,Plastics Item 1,Plastics,232,0
2025-02-10,SKU-019,Plastics Item 1,Plastics,209,0
2025-02-17,SKU-019,Plastics Item 1,Plastics,260,1
2025-02-24,SKU-019,Plastics Item 1,Plastics,209,0
2025-03-03,SKU-019,Plastics Item 1,Plastics,223,0
2025-03-10,SKU-019,Plastics Item 1,Plastics,189,0
2025-03-17,SKU-019,Plastics Item 1,Plastics,210,0
2025-03-24,SKU-019,Plastics Item 1,Plastics,203,0
2025-03-31,SKU-019,Plastics Item 1,Plastics,172,0
2025-04-07,SKU-019,Plastics Item 1,Plastics,189,0
2025-04-14,SKU-019,Plastics Item 1,Plastics,251,0
2025-04-21,SKU-019,Plastics Item 1,Plastics,234,1
2025-04-28,SKU-019,Plastics Item 1,Plastics,163,0
2025-05-05,SKU-019,Plastics Item 1,Plastics,189,0
2025-05-12,SKU-019,Plastics Item 1,Plastics,219,0
2025-05-19,SKU-019,Plastics Item 1,Plastics,173,0
2025-05-26,SKU-019,Plastics Item 1,Plastics,198,0
2025-06-02,SKU-019,Plastics Item 1,Plastics,175,0
2025-06-09,SKU-019,Plastics Item 1,Plastics,177,0
2025-06-16,SKU-019,Plastics Item 1,Plastics,141,0
2025-06-23,SKU-019,Plastics Item 1,Plastics,189,0
2025-06-30,SKU-019,Plastics Item 1,Plastics,165,0
2025-07-07,SKU-019,Plastics Item 1,Plastics,201,1
2025-07-14,SKU-019,Plastics Item 1,Plastics,177,0
2025-07-21,SKU-019,Plastics Item 1,Plastics,180,0
2025-07-28,SKU-019,Plastics Item 1,Plastics,167,0
2025-08-04,SKU-019,Plastics Item 1,Plastics,175,0
2025-08-11,SKU-019,Plastics Item 1,Plastics,159,0
2025-08-18,SKU-019,Plastics Item 1,Plastics,150,0
2025-08-25,SKU-019,Plastics Item 1,Plastics,194,0
2025-09-01,SKU-019,Plastics Item 1,Plastics,185,0
2025-09-08,SKU-019,Plastics Item 1,Plastics,154,0
2025-09-15,SKU-019,Plastics Item 1,Plastics,188,0
2025-09-22,SKU-019,Plastics Item 1,Plastics,167,0
2025-09-29,SKU-019,Plastics Item 1,Plastics,165,0
2025-10-06,SKU-019,Plastics Item 1,Plastics,225,0
2025-10-13,SKU-019,Plastics Item 1,Plastics,164,0
2025-10-20,SKU-019,Plastics Item 1,Plastics,283,1
2025-10-27,SKU-019,Plastics Item 1,Plastics,206,0
2025-11-03,SKU-019,Plastics Item 1,Plastics,222,0
2025-11-10,SKU-019,Plastics Item 1,Plastics,226,0
2025-11-17,SKU-019,Plastics Item 1,Plastics,191,0
2025-11-24,SKU-019,Plastics Item 1,Plastics,231,0
2025-12-01,SKU-019,Plastics Item 1,Plastics,220,0
2025-12-08,SKU-019,Plastics Item 1,Plastics,189,0
2025-12-15,SKU-019,Plastics Item 1,Plastics,226,0
2025-12-22,SKU-019,Plastics Item 1,Plastics,279,0
2025-12-29,SKU-019,Plastics Item 1,Plastics,298,0
2026-01-05,SKU-019,Plastics Item 1,Plastics,276,0
2026-01-12,SKU-019,Plastics Item 1,Plastics,221,0
2026-01-19,SKU-019,Plastics Item 1,Plastics,354,1
2026-01-26,SKU-019,Plastics Item 1,Plastics,278,0
2026-02-02,SKU-019,Plastics Item 1,Plastics,274,0
2026-02-09,SKU-019,Plastics Item 1,Plastics,255,0
2026-02-16,SKU-019,Plastics Item 1,Plastics,236,0
2026-02-23,SKU-019,Plastics Item 1,Plastics,217,0
2026-03-02,SKU-019,Plastics Item 1,Plastics,179,0
2026-03-09,SKU-019,Plastics Item 1,Plastics,242,0
2026-03-16,SKU-019,Plastics Item 1,Plastics,240,0
2026-03-23,SKU-019,Plastics Item 1,Plastics,253,0
2026-03-30,SKU-019,Plastics Item 1,Plastics,200,0
2026-04-06,SKU-019,Plastics Item 1,Plastics,258,0
2026-04-13,SKU-019,Plastics Item 1,Plastics,295,0
2026-04-20,SKU-019,Plastics Item 1,Plastics,273,1
2026-04-27,SKU-019,Plastics Item 1,Plastics,233,0
2026-05-04,SKU-019,Plastics Item 1,Plastics,268,0
2026-05-11,SKU-019,Plastics Item 1,Plastics,181,0
2026-05-18,SKU-019,Plastics Item 1,Plastics,203,0
2026-05-25,SKU-019,Plastics Item 1,Plastics,174,0
2026-06-01,SKU-019,Plastics Item 1,Plastics,176,0
2026-06-08,SKU-019,Plastics Item 1,Plastics,186,0
2026-06-15,SKU-019,Plastics Item 1,Plastics,219,0
2026-06-22,SKU-019,Plastics Item 1,Plastics,231,0
2026-06-29,SKU-019,Plastics Item 1,Plastics,203,0
2026-07-06,SKU-019,Plastics Item 1,Plastics,294,1
2026-07-13,SKU-019,Plastics Item 1,Plastics,184,0
2026-07-20,SKU-019,Plastics Item 1,Plastics,180,0
2026-07-27,SKU-019,Plastics Item 1,Plastics,150,0
2026-08-03,SKU-019,Plastics Item 1,Plastics,252,1
2026-08-10,SKU-019,Plastics Item 1,Plastics,237,0
2026-08-17,SKU-019,Plastics Item 1,Plastics,151,0
2026-08-24,SKU-019,Plastics Item 1,Plastics,213,0
2026-08-31,SKU-019,Plastics Item 1,Plastics,185,0
2026-09-07,SKU-019,Plastics Item 1,Plastics,207,0
2026-09-14,SKU-019,Plastics Item 1,Plastics,157,0
2026-09-21,SKU-019,Plastics Item 1,Plastics,241,0
2026-09-28,SKU-019,Plastics Item 1,Plastics,234,0
2024-01-01,SKU-020,Plastics Item 2,Plastics,227,0
2024-01-08,SKU-020,Plastics Item 2,Plastics,295,0
2024-01-15,SKU-020,Plastics Item 2,Plastics,275,0
2024-01-22,SKU-020,Plastics Item 2,Plastics,273,0
2024-01-29,SKU-020,Plastics Item 2,Plastics,279,0
2024-02-05,SKU-020,Plastics Item 2,Plastics,218,0
2024-02-12,SKU-020,Plastics Item 2,Plastics,225,0
2024-02-19,SKU-020,Plastics Item 2,Plastics,218,0
2024-02-26,SKU-020,Plastics Item 2,Plastics,299,1
2024-03-04,SKU-020,Plastics Item 2,Plastics,254,0
2024-03-11,SKU-020,Plastics Item 2,Plastics,226,0
2024-03-18,SKU-020,Plastics Item 2,Plastics,260,1
2024-03-25,SKU-020,Plastics Item 2,Plastics,269,0
2024-04-01,SKU-020,Plastics Item 2,Plastics,222,0
2024-04-08,SKU-020,Plastics Item 2,Plastics,206,0
2024-04-15,SKU-020,Plastics Item 2,Plastics,213,0
2024-04-22,SKU-020,Plastics Item 2,Plastics,177,0
2024-04-29,SKU-020,Plastics Item 2,Plastics,244,0
2024-05-06,SKU-020,Plastics Item 2,Plastics,192,0
2024-05-13,SKU-020,Plastics Item 2,Plastics,228,0
2024-05-20,SKU-020,Plastics Item 2,Plastics,193,0
2024-05-27,SKU-020,Plastics Item 2,Plastics,269,1
2024-06-03,SKU-020,Plastics Item 2,Plastics,211,0
2024-06-10,SKU-020,Plastics Item 2,Plastics,212,0
2024-06-17,SKU-020,Plastics Item 2,Plastics,215,0
2024-06-24,SKU-020,Plastics Item 2,Plastics,215,0
2024-07-01,SKU-020,Plastics Item 2,Plastics,205,0
2024-07-08,SKU-020,Plastics Item 2,Plastics,265,0
2024-07-15,SKU-020,Plastics Item 2,Plastics,194,0
2024-07-22,SKU-020,Plastics Item 2,Plastics,217,0
2024-07-29,SKU-020,Plastics Item 2,Plastics,216,0
2024-08-05,SKU-020,Plastics Item 2,Plastics,225,0
2024-08-12,SKU-020,Plastics Item 2,Plastics,202,0
2024-08-19,SKU-020,Plastics Item 2,Plastics,222,0
2024-08-26,SKU-020,Plastics Item 2,Plastics,229,1
2024-09-02,SKU-020,Plastics Item 2,Plastics,223,0
2024-09-09,SKU-020,Plastics Item 2,Plastics,201,0
2024-09-16,SKU-020,Plastics Item 2,Plastics,191,0
2024-09-23,SKU-020,Plastics Item 2,Plastics,256,0
2024-09-30,SKU-020,Plastics Item 2,Plastics,276,0
2024-10-07,SKU-020,Plastics Item 2,Plastics,285,0
2024-10-14,SKU-020,Plastics Item 2,Plastics,290,0
2024-10-21,SKU-020,Plastics Item 2,Plastics,209,0
2024-10-28,SKU-020,Plastics Item 2,Plastics,226,0
2024-11-04,SKU-020,Plastics Item 2,Plastics,331,0
2024-11-11,SKU-020,Plastics Item 2,Plastics,231,0
2024-11-18,SKU-020,Plastics Item 2,Plastics,281,1
2024-11-25,SKU-020,Plastics Item 2,Plastics,266,0
2024-12-02,SKU-020,Plastics Item 2,Plastics,247,0
2024-12-09,SKU-020,Plastics Item 2,Plastics,292,0
2024-12-16,SKU-020,Plastics Item 2,Plastics,285,0
2024-12-23,SKU-020,Plastics Item 2,Plastics,272,0
2024-12-30,SKU-020,Plastics Item 2,Plastics,255,0
2025-01-06,SKU-020,Plastics Item 2,Plastics,303,0
2025-01-13,SKU-020,Plastics Item 2,Plastics,249,0
2025-01-20,SKU-020,Plastics Item 2,Plastics,301,0
2025-01-27,SKU-020,Plastics Item 2,Plastics,367,0
2025-02-03,SKU-020,Plastics Item 2,Plastics,399,1
2025-02-10,SKU-020,Plastics Item 2,Plastics,258,0
2025-02-17,SKU-020,Plastics Item 2,Plastics,195,0
2025-02-24,SKU-020,Plastics Item 2,Plastics,211,0
2025-03-03,SKU-020,Plastics Item 2,Plastics,288,0
2025-03-10,SKU-020,Plastics Item 2,Plastics,227,0
2025-03-17,SKU-020,Plastics Item 2,Plastics,231,0
2025-03-24,SKU-020,Plastics Item 2,Plastics,250,0
2025-03-31,SKU-020,Plastics Item 2,Plastics,223,0
2025-04-07,SKU-020,Plastics Item 2,Plastics,217,0
2025-04-14,SKU-020,Plastics Item 2,Plastics,249,0
2025-04-21,SKU-020,Plastics Item 2,Plastics,219,0
2025-04-28,SKU-020,Plastics Item 2,Plastics,216,0
2025-05-05,SKU-020,Plastics Item 2,Plastics,208,0
2025-05-12,SKU-020,Plastics Item 2,Plastics,237,0
2025-05-19,SKU-020,Plastics Item 2,Plastics,212,0
2025-05-26,SKU-020,Plastics Item 2,Plastics,277,1
2025-06-02,SKU-020,Plastics Item 2,Plastics,214,0
2025-06-09,SKU-020,Plastics Item 2,Plastics,214,0
2025-06-16,SKU-020,Plastics Item 2,Plastics,240,0
2025-06-23,SKU-020,Plastics Item 2,Plastics,253,0
2025-06-30,SKU-020,Plastics Item 2,Plastics,236,0
2025-07-07,SKU-020,Plastics Item 2,Plastics,246,0
2025-07-14,SKU-020,Plastics Item 2,Plastics,223,0
2025-07-21,SKU-020,Plastics Item 2,Plastics,221,0
2025-07-28,SKU-020,Plastics Item 2,Plastics,267,0
2025-08-04,SKU-020,Plastics Item 2,Plastics,256,0
2025-08-11,SKU-020,Plastics Item 2,Plastics,255,0
2025-08-18,SKU-020,Plastics Item 2,Plastics,250,0
2025-08-25,SKU-020,Plastics Item 2,Plastics,247,0
2025-09-01,SKU-020,Plastics Item 2,Plastics,274,0
2025-09-08,SKU-020,Plastics Item 2,Plastics,291,0
2025-09-15,SKU-020,Plastics Item 2,Plastics,303,0
2025-09-22,SKU-020,Plastics Item 2,Plastics,281,0
2025-09-29,SKU-020,Plastics Item 2,Plastics,344,0
2025-10-06,SKU-020,Plastics Item 2,Plastics,380,1
2025-10-13,SKU-020,Plastics Item 2,Plastics,317,0
2025-10-20,SKU-020,Plastics Item 2,Plastics,316,0
2025-10-27,SKU-020,Plastics Item 2,Plastics,408,1
2025-11-03,SKU-020,Plastics Item 2,Plastics,405,0
2025-11-10,SKU-020,Plastics Item 2,Plastics,285,0
2025-11-17,SKU-020,Plastics Item 2,Plastics,299,0
2025-11-24,SKU-020,Plastics Item 2,Plastics,281,0
2025-12-01,SKU-020,Plastics Item 2,Plastics,284,0
2025-12-08,SKU-020,Plastics Item 2,Plastics,365,0
2025-12-15,SKU-020,Plastics Item 2,Plastics,290,0
2025-12-22,SKU-020,Plastics Item 2,Plastics,305,0
2025-12-29,SKU-020,Plastics Item 2,Plastics,266,0
2026-01-05,SKU-020,Plastics Item 2,Plastics,301,0
2026-01-12,SKU-020,Plastics Item 2,Plastics,261,0
2026-01-19,SKU-020,Plastics Item 2,Plastics,347,0
2026-01-26,SKU-020,Plastics Item 2,Plastics,419,0
2026-02-02,SKU-020,Plastics Item 2,Plastics,290,0
2026-02-09,SKU-020,Plastics Item 2,Plastics,235,0
2026-02-16,SKU-020,Plastics Item 2,Plastics,317,0
2026-02-23,SKU-020,Plastics Item 2,Plastics,257,0
2026-03-02,SKU-020,Plastics Item 2,Plastics,324,0
2026-03-09,SKU-020,Plastics Item 2,Plastics,272,0
2026-03-16,SKU-020,Plastics Item 2,Plastics,262,0
2026-03-23,SKU-020,Plastics Item 2,Plastics,280,0
2026-03-30,SKU-020,Plastics Item 2,Plastics,379,1
2026-04-06,SKU-020,Plastics Item 2,Plastics,269,0
2026-04-13,SKU-020,Plastics Item 2,Plastics,275,0
2026-04-20,SKU-020,Plastics Item 2,Plastics,232,0
2026-04-27,SKU-020,Plastics Item 2,Plastics,279,0
2026-05-04,SKU-020,Plastics Item 2,Plastics,202,0
2026-05-11,SKU-020,Plastics Item 2,Plastics,236,0
2026-05-18,SKU-020,Plastics Item 2,Plastics,266,0
2026-05-25,SKU-020,Plastics Item 2,Plastics,251,0
2026-06-01,SKU-020,Plastics Item 2,Plastics,261,0
2026-06-08,SKU-020,Plastics Item 2,Plastics,246,0
2026-06-15,SKU-020,Plastics Item 2,Plastics,290,0
2026-06-22,SKU-020,Plastics Item 2,Plastics,291,0
2026-06-29,SKU-020,Plastics Item 2,Plastics,283,0
2026-07-06,SKU-020,Plastics Item 2,Plastics,303,0
2026-07-13,SKU-020,Plastics Item 2,Plastics,355,1
2026-07-20,SKU-020,Plastics Item 2,Plastics,231,0
2026-07-27,SKU-020,Plastics Item 2,Plastics,287,0
2026-08-03,SKU-020,Plastics Item 2,Plastics,289,0
2026-08-10,SKU-020,Plastics Item 2,Plastics,305,0
2026-08-17,SKU-020,Plastics Item 2,Plastics,240,0
2026-08-24,SKU-020,Plastics Item 2,Plastics,244,0
2026-08-31,SKU-020,Plastics Item 2,Plastics,369,1
2026-09-07,SKU-020,Plastics Item 2,Plastics,226,0
2026-09-14,SKU-020,Plastics Item 2,Plastics,318,0
2026-09-21,SKU-020,Plastics Item 2,Plastics,247,0
2026-09-28,SKU-020,Plastics Item 2,Plastics,291,0
2024-01-01,SKU-021,Plastics Item 3,Plastics,127,0
2024-01-08,SKU-021,Plastics Item 3,Plastics,134,0
2024-01-15,SKU-021,Plastics Item 3,Plastics,79,0
2024-01-22,SKU-021,Plastics Item 3,Plastics,99,0
2024-01-29,SKU-021,Plastics Item 3,Plastics,107,0
2024-02-05,SKU-021,Plastics Item 3,Plastics,124,1
2024-02-12,SKU-021,Plastics Item 3,Plastics,97,0
2024-02-19,SKU-021,Plastics Item 3,Plastics,88,0
2024-02-26,SKU-021,Plastics Item 3,Plastics,83,0
2024-03-04,SKU-021,Plastics Item 3,Plastics,85,0
2024-03-11,SKU-021,Plastics Item 3,Plastics,99,0
2024-03-18,SKU-021,Plastics Item 3,Plastics,79,0
2024-03-25,SKU-021,Plastics Item 3,Plastics,85,0
2024-04-01,SKU-021,Plastics Item 3,Plastics,87,0
2024-04-08,SKU-021,Plastics Item 3,Plastics,99,0
2024-04-15,SKU-021,Plastics Item 3,Plastics,78,0
2024-04-22,SKU-021,Plastics Item 3,Plastics,88,0
2024-04-29,SKU-021,Plastics Item 3,Plastics,88,0
2024-05-06,SKU-021,Plastics Item 3,Plastics,74,0
2024-05-13,SKU-021,Plastics Item 3,Plastics,72,0
2024-05-20,SKU-021,Plastics Item 3,Plastics,71,0
2024-05-27,SKU-021,Plastics Item 3,Plastics,73,0
2024-06-03,SKU-021,Plastics Item 3,Plastics,86,0
2024-06-10,SKU-021,Plastics Item 3,Plastics,84,0
2024-06-17,SKU-021,Plastics Item 3,Plastics,88,0
2024-06-24,SKU-021,Plastics Item 3,Plastics,77,0
2024-07-01,SKU-021,Plastics Item 3,Plastics,82,0
2024-07-08,SKU-021,Plastics Item 3,Plastics,121,0
2024-07-15,SKU-021,Plastics Item 3,Plastics,96,0
2024-07-22,SKU-021,Plastics Item 3,Plastics,90,0
2024-07-29,SKU-021,Plastics Item 3,Plastics,117,0
2024-08-05,SKU-021,Plastics Item 3,Plastics,141,1
2024-08-12,SKU-021,Plastics Item 3,Plastics,100,0
2024-08-19,SKU-021,Plastics Item 3,Plastics,100,0
2024-08-26,SKU-021,Plastics Item 3,Plastics,105,0
2024-09-02,SKU-021,Plastics Item 3,Plastics,93,0
2024-09-09,SKU-021,Plastics Item 3,Plastics,115,0
2024-09-16,SKU-021,Plastics Item 3,Plastics,126,0
2024-09-23,SKU-021,Plastics Item 3,Plastics,155,0
2024-09-30,SKU-021,Plastics Item 3,Plastics,115,1
2024-10-07,SKU-021,Plastics Item 3,Plastics,130,0
2024-10-14,SKU-021,Plastics Item 3,Plastics,174,0
2024-10-21,SKU-021,Plastics Item 3,Plastics,143,0
2024-10-28,SKU-021,Plastics Item 3,Plastics,114,0
2024-11-04,SKU-021,Plastics Item 3,Plastics,133,0
2024-11-11,SKU-021,Plastics Item 3,Plastics,110,0
2024-11-18,SKU-021,Plastics Item 3,Plastics,100,0
2024-11-25,SKU-021,Plastics Item 3,Plastics,114,0
2024-12-02,SKU-021,Plastics Item 3,Plastics,121,0
2024-12-09,SKU-021,Plastics Item 3,Plastics,93,0
2024-12-16,SKU-021,Plastics Item 3,Plastics,105,0
2024-12-23,SKU-021,Plastics Item 3,Plastics,122,0
2024-12-30,SKU-021,Plastics Item 3,Plastics,114,0
2025-01-06,SKU-021,Plastics Item 3,Plastics,123,0
2025-01-13,SKU-021,Plastics Item 3,Plastics,97,0
2025-01-20,SKU-021,Plastics Item 3,Plastics,117,0
2025-01-27,SKU-021,Plastics Item 3,Plastics,88,0
2025-02-03,SKU-021,Plastics Item 3,Plastics,116,0
2025-02-10,SKU-021,Plastics Item 3,Plastics,73,0
2025-02-17,SKU-021,Plastics Item 3,Plastics,77,0
2025-02-24,SKU-021,Plastics Item 3,Plastics,91,0
2025-03-03,SKU-021,Plastics Item 3,Plastics,103,0
2025-03-10,SKU-021,Plastics Item 3,Plastics,88,0
2025-03-17,SKU-021,Plastics Item 3,Plastics,105,1
2025-03-24,SKU-021,Plastics Item 3,Plastics,74,0
2025-03-31,SKU-021,Plastics Item 3,Plastics,78,0
2025-04-07,SKU-021,Plastics Item 3,Plastics,70,0
2025-04-14,SKU-021,Plastics Item 3,Plastics,67,0
2025-04-21,SKU-021,Plastics Item 3,Plastics,81,0
2025-04-28,SKU-021,Plastics Item 3,Plastics,100,1
2025-05-05,SKU-021,Plastics Item 3,Plastics,62,0
2025-05-12,SKU-021,Plastics Item 3,Plastics,75,0
2025-05-19,SKU-021,Plastics Item 3,Plastics,68,0
2025-05-26,SKU-021,Plastics Item 3,Plastics,86,0
2025-06-02,SKU-021,Plastics Item 3,Plastics,79,0
2025-06-09,SKU-021,Plastics Item 3,Plastics,92,0
2025-06-16,SKU-021,Plastics Item 3,Plastics,76,0
2025-06-23,SKU-021,Plastics Item 3,Plastics,88,0
2025-06-30,SKU-021,Plastics Item 3,Plastics,80,0
2025-07-07,SKU-021,Plastics Item 3,Plastics,89,0
2025-07-14,SKU-021,Plastics Item 3,Plastics,93,0
2025-07-21,SKU-021,Plastics Item 3,Plastics,89,0
2025-07-28,SKU-021,Plastics Item 3,Plastics,108,1
2025-08-04,SKU-021,Plastics Item 3,Plastics,71,0
2025-08-11,SKU-021,Plastics Item 3,Plastics,87,0
2025-08-18,SKU-021,Plastics Item 3,Plastics,110,0
2025-08-25,SKU-021,Plastics Item 3,Plastics,85,0
2025-09-01,SKU-021,Plastics Item 3,Plastics,91,0
2025-09-08,SKU-021,Plastics Item 3,Plastics,139,0
2025-09-15,SKU-021,Plastics Item 3,Plastics,110,0
2025-09-22,SKU-021,Plastics Item 3,Plastics,128,0
2025-09-29,SKU-021,Plastics Item 3,Plastics,137,0
2025-10-06,SKU-021,Plastics Item 3,Plastics,139,0
2025-10-13,SKU-021,Plastics Item 3,Plastics,105,0
2025-10-20,SKU-021,Plastics Item 3,Plastics,123,0
2025-10-27,SKU-021,Plastics Item 3,Plastics,100,0
2025-11-03,SKU-021,Plastics Item 3,Plastics,126,1
2025-11-10,SKU-021,Plastics Item 3,Plastics,104,0
2025-11-17,SKU-021,Plastics Item 3,Plastics,102,0
2025-11-24,SKU-021,Plastics Item 3,Plastics,96,0
2025-12-01,SKU-021,Plastics Item 3,Plastics,136,0
2025-12-08,SKU-021,Plastics Item 3,Plastics,153,0
2025-12-15,SKU-021,Plastics Item 3,Plastics,112,0
2025-12-22,SKU-021,Plastics Item 3,Plastics,100,0
2025-12-29,SKU-021,Plastics Item 3,Plastics,86,0
2026-01-05,SKU-021,Plastics Item 3,Plastics,112,0
2026-01-12,SKU-021,Plastics Item 3,Plastics,107,0
2026-01-19,SKU-021,Plastics Item 3,Plastics,97,0
2026-01-26,SKU-021,Plastics Item 3,Plastics,103,0
2026-02-02,SKU-021,Plastics Item 3,Plastics,100,0
2026-02-09,SKU-021,Plastics Item 3,Plastics,94,0
2026-02-16,SKU-021,Plastics Item 3,Plastics,84,0
2026-02-23,SKU-021,Plastics Item 3,Plastics,74,0
2026-03-02,SKU-021,Plastics Item 3,Plastics,90,0
2026-03-09,SKU-021,Plastics Item 3,Plastics,83,0
2026-03-16,SKU-021,Plastics Item 3,Plastics,91,0
2026-03-23,SKU-021,Plastics Item 3,Plastics,90,0
2026-03-30,SKU-021,Plastics Item 3,Plastics,67,0
2026-04-06,SKU-021,Plastics Item 3,Plastics,66,0
2026-04-13,SKU-021,Plastics Item 3,Plastics,71,0
2026-04-20,SKU-021,Plastics Item 3,Plastics,103,1
2026-04-27,SKU-021,Plastics Item 3,Plastics,77,0
2026-05-04,SKU-021,Plastics Item 3,Plastics,108,1
2026-05-11,SKU-021,Plastics Item 3,Plastics,73,0
2026-05-18,SKU-021,Plastics Item 3,Plastics,81,0
2026-05-25,SKU-021,Plastics Item 3,Plastics,76,0
2026-06-01,SKU-021,Plastics Item 3,Plastics,75,0
2026-06-08,SKU-021,Plastics Item 3,Plastics,92,0
2026-06-15,SKU-021,Plastics Item 3,Plastics,83,0
2026-06-22,SKU-021,Plastics Item 3,Plastics,83,0
2026-06-29,SKU-021,Plastics Item 3,Plastics,80,0
2026-07-06,SKU-021,Plastics Item 3,Plastics,100,0
2026-07-13,SKU-021,Plastics Item 3,Plastics,108,0
2026-07-20,SKU-021,Plastics Item 3,Plastics,95,0
2026-07-27,SKU-021,Plastics Item 3,Plastics,111,0
2026-08-03,SKU-021,Plastics Item 3,Plastics,74,0
2026-08-10,SKU-021,Plastics Item 3,Plastics,134,1
2026-08-17,SKU-021,Plastics Item 3,Plastics,183,1
2026-08-24,SKU-021,Plastics Item 3,Plastics,102,0
2026-08-31,SKU-021,Plastics Item 3,Plastics,102,0
2026-09-07,SKU-021,Plastics Item 3,Plastics,112,0
2026-09-14,SKU-021,Plastics Item 3,Plastics,89,0
2026-09-21,SKU-021,Plastics Item 3,Plastics,194,1
2026-09-28,SKU-021,Plastics Item 3,Plastics,115,0
2024-01-01,SKU-022,Plastics Item 4,Plastics,164,0
2024-01-08,SKU-022,Plastics Item 4,Plastics,155,0
2024-01-15,SKU-022,Plastics Item 4,Plastics,145,0
2024-01-22,SKU-022,Plastics Item 4,Plastics,144,0
2024-01-29,SKU-022,Plastics Item 4,Plastics,128,0
2024-02-05,SKU-022,Plastics Item 4,Plastics,143,0
2024-02-12,SKU-022,Plastics Item 4,Plastics,152,0
2024-02-19,SKU-022,Plastics Item 4,Plastics,150,0
2024-02-26,SKU-022,Plastics Item 4,Plastics,192,0
2024-03-04,SKU-022,Plastics Item 4,Plastics,219,0
2024-03-11,SKU-022,Plastics Item 4,Plastics,177,0
2024-03-18,SKU-022,Plastics Item 4,Plastics,211,0
2024-03-25,SKU-022,Plastics Item 4,Plastics,181,0
2024-04-01,SKU-022,Plastics Item 4,Plastics,200,0
2024-04-08,SKU-022,Plastics Item 4,Plastics,190,0
2024-04-15,SKU-022,Plastics Item 4,Plastics,221,0
2024-04-22,SKU-022,Plastics Item 4,Plastics,277,1
2024-04-29,SKU-022,Plastics Item 4,Plastics,200,0
2024-05-06,SKU-022,Plastics Item 4,Plastics,192,0
2024-05-13,SKU-022,Plastics Item 4,Plastics,265,1
2024-05-20,SKU-022,Plastics Item 4,Plastics,242,0
2024-05-27,SKU-022,Plastics Item 4,Plastics,378,1
2024-06-03,SKU-022,Plastics Item 4,Plastics,268,0
2024-06-10,SKU-022,Plastics Item 4,Plastics,223,0
2024-06-17,SKU-022,Plastics Item 4,Plastics,222,0
2024-06-24,SKU-022,Plastics Item 4,Plastics,239,0
2024-07-01,SKU-022,Plastics Item 4,Plastics,198,0
2024-07-08,SKU-022,Plastics Item 4,Plastics,242,0
2024-07-15,SKU-022,Plastics Item 4,Plastics,300,1
2024-07-22,SKU-022,Plastics Item 4,Plastics,214,0
2024-07-29,SKU-022,Plastics Item 4,Plastics,232,0
2024-08-05,SKU-022,Plastics Item 4,Plastics,192,0
2024-08-12,SKU-022,Plastics Item 4,Plastics,184,0
2024-08-19,SKU-022,Plastics Item 4,Plastics,220,0
2024-08-26,SKU-022,Plastics Item 4,Plastics,208,0
2024-09-02,SKU-022,Plastics Item 4,Plastics,178,0
2024-09-09,SKU-022,Plastics Item 4,Plastics,183,0
2024-09-16,SKU-022,Plastics Item 4,Plastics,183,0
2024-09-23,SKU-022,Plastics Item 4,Plastics,181,0
2024-09-30,SKU-022,Plastics Item 4,Plastics,139,0
2024-10-07,SKU-022,Plastics Item 4,Plastics,200,1
2024-10-14,SKU-022,Plastics Item 4,Plastics,134,0
2024-10-21,SKU-022,Plastics Item 4,Plastics,135,0
2024-10-28,SKU-022,Plastics Item 4,Plastics,154,0
2024-11-04,SKU-022,Plastics Item 4,Plastics,139,0
2024-11-11,SKU-022,Plastics Item 4,Plastics,146,0
2024-11-18,SKU-022,Plastics Item 4,Plastics,124,0
2024-11-25,SKU-022,Plastics Item 4,Plastics,141,0
2024-12-02,SKU-022,Plastics Item 4,Plastics,164,0
2024-12-09,SKU-022,Plastics Item 4,Plastics,167,0
2024-12-16,SKU-022,Plastics Item 4,Plastics,144,0
2024-12-23,SKU-022,Plastics Item 4,Plastics,162,0
2024-12-30,SKU-022,Plastics Item 4,Plastics,218,1
2025-01-06,SKU-022,Plastics Item 4,Plastics,146,0
2025-01-13,SKU-022,Plastics Item 4,Plastics,156,0
2025-01-20,SKU-022,Plastics Item 4,Plastics,162,0
2025-01-27,SKU-022,Plastics Item 4,Plastics,160,0
2025-02-03,SKU-022,Plastics Item 4,Plastics,168,0
2025-02-10,SKU-022,Plastics Item 4,Plastics,145,0
2025-02-17,SKU-022,Plastics Item 4,Plastics,163,0
2025-02-24,SKU-022,Plastics Item 4,Plastics,191,0
2025-03-03,SKU-022,Plastics Item 4,Plastics,240,1
2025-03-10,SKU-022,Plastics Item 4,Plastics,207,0
2025-03-17,SKU-022,Plastics Item 4,Plastics,219,0
2025-03-24,SKU-022,Plastics Item 4,Plastics,244,0
2025-03-31,SKU-022,Plastics Item 4,Plastics,218,0
2025-04-07,SKU-022,Plastics Item 4,Plastics,231,0
2025-04-14,SKU-022,Plastics Item 4,Plastics,204,0
2025-04-21,SKU-022,Plastics Item 4,Plastics,233,0
2025-04-28,SKU-022,Plastics Item 4,Plastics,229,0
2025-05-05,SKU-022,Plastics Item 4,Plastics,245,0
2025-05-12,SKU-022,Plastics Item 4,Plastics,246,0
2025-05-19,SKU-022,Plastics Item 4,Plastics,249,0
2025-05-26,SKU-022,Plastics Item 4,Plastics,236,0
2025-06-02,SKU-022,Plastics Item 4,Plastics,250,0
2025-06-09,SKU-022,Plastics Item 4,Plastics,277,0
2025-06-16,SKU-022,Plastics Item 4,Plastics,226,0
2025-06-23,SKU-022,Plastics Item 4,Plastics,223,0
2025-06-30,SKU-022,Plastics Item 4,Plastics,239,0
2025-07-07,SKU-022,Plastics Item 4,Plastics,237,0
2025-07-14,SKU-022,Plastics Item 4,Plastics,303,1
2025-07-21,SKU-022,Plastics Item 4,Plastics,207,0
2025-07-28,SKU-022,Plastics Item 4,Plastics,149,0
2025-08-04,SKU-022,Plastics Item 4,Plastics,195,0
2025-08-11,SKU-022,Plastics Item 4,Plastics,195,0
2025-08-18,SKU-022,Plastics Item 4,Plastics,194,0
2025-08-25,SKU-022,Plastics Item 4,Plastics,232,0
2025-09-01,SKU-022,Plastics Item 4,Plastics,168,0
2025-09-08,SKU-022,Plastics Item 4,Plastics,175,0
2025-09-15,SKU-022,Plastics Item 4,Plastics,130,0
2025-09-22,SKU-022,Plastics Item 4,Plastics,173,0
2025-09-29,SKU-022,Plastics Item 4,Plastics,168,0
2025-10-06,SKU-022,Plastics Item 4,Plastics,158,0
2025-10-13,SKU-022,Plastics Item 4,Plastics,238,1
2025-10-20,SKU-022,Plastics Item 4,Plastics,157,0
2025-10-27,SKU-022,Plastics Item 4,Plastics,145,0
2025-11-03,SKU-022,Plastics Item 4,Plastics,169,0
2025-11-10,SKU-022,Plastics Item 4,Plastics,151,0
2025-11-17,SKU-022,Plastics Item 4,Plastics,139,0
2025-11-24,SKU-022,Plastics Item 4,Plastics,126,0
2025-12-01,SKU-022,Plastics Item 4,Plastics,252,1
2025-12-08,SKU-022,Plastics Item 4,Plastics,211,0
2025-12-15,SKU-022,Plastics Item 4,Plastics,169,0
2025-12-22,SKU-022,Plastics Item 4,Plastics,153,0
2025-12-29,SKU-022,Plastics Item 4,Plastics,145,0
2026-01-05,SKU-022,Plastics Item 4,Plastics,180,0
2026-01-12,SKU-022,Plastics Item 4,Plastics,246,1
2026-01-19,SKU-022,Plastics Item 4,Plastics,187,0
2026-01-26,SKU-022,Plastics Item 4,Plastics,182,0
2026-02-02,SKU-022,Plastics Item 4,Plastics,174,0
2026-02-09,SKU-022,Plastics Item 4,Plastics,199,0
2026-02-16,SKU-022,Plastics Item 4,Plastics,251,1
2026-02-23,SKU-022,Plastics Item 4,Plastics,252,0
2026-03-02,SKU-022,Plastics Item 4,Plastics,207,0
2026-03-09,SKU-022,Plastics Item 4,Plastics,245,0
2026-03-16,SKU-022,Plastics Item 4,Plastics,163,0
2026-03-23,SKU-022,Plastics Item 4,Plastics,269,0
2026-03-30,SKU-022,Plastics Item 4,Plastics,276,0
2026-04-06,SKU-022,Plastics Item 4,Plastics,234,0
2026-04-13,SKU-022,Plastics Item 4,Plastics,247,0
2026-04-20,SKU-022,Plastics Item 4,Plastics,246,0
2026-04-27,SKU-022,Plastics Item 4,Plastics,214,0
2026-05-04,SKU-022,Plastics Item 4,Plastics,250,0
2026-05-11,SKU-022,Plastics Item 4,Plastics,216,0
2026-05-18,SKU-022,Plastics Item 4,Plastics,228,0
2026-05-25,SKU-022,Plastics Item 4,Plastics,287,0
2026-06-01,SKU-022,Plastics Item 4,Plastics,288,0
2026-06-08,SKU-022,Plastics Item 4,Plastics,238,0
2026-06-15,SKU-022,Plastics Item 4,Plastics,236,0
2026-06-22,SKU-022,Plastics Item 4,Plastics,235,0
2026-06-29,SKU-022,Plastics Item 4,Plastics,270,0
2026-07-06,SKU-022,Plastics Item 4,Plastics,210,0
2026-07-13,SKU-022,Plastics Item 4,Plastics,240,0
2026-07-20,SKU-022,Plastics Item 4,Plastics,242,0
2026-07-27,SKU-022,Plastics Item 4,Plastics,213,0
2026-08-03,SKU-022,Plastics Item 4,Plastics,238,0
2026-08-10,SKU-022,Plastics Item 4,Plastics,203,0
2026-08-17,SKU-022,Plastics Item 4,Plastics,204,0
2026-08-24,SKU-022,Plastics Item 4,Plastics,185,0
2026-08-31,SKU-022,Plastics Item 4,Plastics,234,0
2026-09-07,SKU-022,Plastics Item 4,Plastics,187,0
2026-09-14,SKU-022,Plastics Item 4,Plastics,210,0
2026-09-21,SKU-022,Plastics Item 4,Plastics,193,0
2026-09-28,SKU-022,Plastics Item 4,Plastics,163,0
2024-01-01,SKU-023,Plastics Item 5,Plastics,218,0
2024-01-08,SKU-023,Plastics Item 5,Plastics,255,0
2024-01-15,SKU-023,Plastics Item 5,Plastics,294,0
2024-01-22,SKU-023,Plastics Item 5,Plastics,291,0
2024-01-29,SKU-023,Plastics Item 5,Plastics,275,0
2024-02-05,SKU-023,Plastics Item 5,Plastics,219,0
2024-02-12,SKU-023,Plastics Item 5,Plastics,217,0
2024-02-19,SKU-023,Plastics Item 5,Plastics,271,0
2024-02-26,SKU-023,Plastics Item 5,Plastics,211,0
2024-03-04,SKU-023,Plastics Item 5,Plastics,244,0
2024-03-11,SKU-023,Plastics Item 5,Plastics,261,0
2024-03-18,SKU-023,Plastics Item 5,Plastics,220,0
2024-03-25,SKU-023,Plastics Item 5,Plastics,228,0
2024-04-01,SKU-023,Plastics Item 5,Plastics,262,0
2024-04-08,SKU-023,Plastics Item 5,Plastics,285,0
2024-04-15,SKU-023,Plastics Item 5,Plastics,304,0
2024-04-22,SKU-023,Plastics Item 5,Plastics,287,0
2024-04-29,SKU-023,Plastics Item 5,Plastics,264,0
2024-05-06,SKU-023,Plastics Item 5,Plastics,329,1
2024-05-13,SKU-023,Plastics Item 5,Plastics,222,0
2024-05-20,SKU-023,Plastics Item 5,Plastics,203,0
2024-05-27,SKU-023,Plastics Item 5,Plastics,211,0
2024-06-03,SKU-023,Plastics Item 5,Plastics,228,0
2024-06-10,SKU-023,Plastics Item 5,Plastics,222,0
2024-06-17,SKU-023,Plastics Item 5,Plastics,158,0
2024-06-24,SKU-023,Plastics Item 5,Plastics,191,0
2024-07-01,SKU-023,Plastics Item 5,Plastics,242,0
2024-07-08,SKU-023,Plastics Item 5,Plastics,213,0
2024-07-15,SKU-023,Plastics Item 5,Plastics,174,0
2024-07-22,SKU-023,Plastics Item 5,Plastics,265,0
2024-07-29,SKU-023,Plastics Item 5,Plastics,201,0
2024-08-05,SKU-023,Plastics Item 5,Plastics,204,0
2024-08-12,SKU-023,Plastics Item 5,Plastics,198,0
2024-08-19,SKU-023,Plastics Item 5,Plastics,175,0
2024-08-26,SKU-023,Plastics Item 5,Plastics,163,0
2024-09-02,SKU-023,Plastics Item 5,Plastics,222,0
2024-09-09,SKU-023,Plastics Item 5,Plastics,199,0
2024-09-16,SKU-023,Plastics Item 5,Plastics,227,1
2024-09-23,SKU-023,Plastics Item 5,Plastics,164,0
2024-09-30,SKU-023,Plastics Item 5,Plastics,223,0
2024-10-07,SKU-023,Plastics Item 5,Plastics,181,0
2024-10-14,SKU-023,Plastics Item 5,Plastics,215,0
2024-10-21,SKU-023,Plastics Item 5,Plastics,171,0
2024-10-28,SKU-023,Plastics Item 5,Plastics,163,0
2024-11-04,SKU-023,Plastics Item 5,Plastics,227,0
2024-11-11,SKU-023,Plastics Item 5,Plastics,198,0
2024-11-18,SKU-023,Plastics Item 5,Plastics,167,0
2024-11-25,SKU-023,Plastics Item 5,Plastics,236,0
2024-12-02,SKU-023,Plastics Item 5,Plastics,284,0
2024-12-09,SKU-023,Plastics Item 5,Plastics,272,0
2024-12-16,SKU-023,Plastics Item 5,Plastics,235,0
2024-12-23,SKU-023,Plastics Item 5,Plastics,254,0
2024-12-30,SKU-023,Plastics Item 5,Plastics,295,0
2025-01-06,SKU-023,Plastics Item 5,Plastics,316,0
2025-01-13,SKU-023,Plastics Item 5,Plastics,276,0
2025-01-20,SKU-023,Plastics Item 5,Plastics,295,0
2025-01-27,SKU-023,Plastics Item 5,Plastics,308,0
2025-02-03,SKU-023,Plastics Item 5,Plastics,316,0
2025-02-10,SKU-023,Plastics Item 5,Plastics,288,0
2025-02-17,SKU-023,Plastics Item 5,Plastics,285,0
2025-02-24,SKU-023,Plastics Item 5,Plastics,437,1
2025-03-03,SKU-023,Plastics Item 5,Plastics,301,0
2025-03-10,SKU-023,Plastics Item 5,Plastics,345,0
2025-03-17,SKU-023,Plastics Item 5,Plastics,276,0
2025-03-24,SKU-023,Plastics Item 5,Plastics,439,1
2025-03-31,SKU-023,Plastics Item 5,Plastics,344,1
2025-04-07,SKU-023,Plastics Item 5,Plastics,279,0
2025-04-14,SKU-023,Plastics Item 5,Plastics,321,0
2025-04-21,SKU-023,Plastics Item 5,Plastics,318,0
2025-04-28,SKU-023,Plastics Item 5,Plastics,366,0
2025-05-05,SKU-023,Plastics Item 5,Plastics,264,0
2025-05-12,SKU-023,Plastics Item 5,Plastics,448,1
2025-05-19,SKU-023,Plastics Item 5,Plastics,287,0
2025-05-26,SKU-023,Plastics Item 5,Plastics,225,0
2025-06-02,SKU-023,Plastics Item 5,Plastics,365,1
2025-06-09,SKU-023,Plastics Item 5,Plastics,258,0
2025-06-16,SKU-023,Plastics Item 5,Plastics,245,0
2025-06-23,SKU-023,Plastics Item 5,Plastics,245,0
2025-06-30,SKU-023,Plastics Item 5,Plastics,236,0
2025-07-07,SKU-023,Plastics Item 5,Plastics,257,0
2025-07-14,SKU-023,Plastics Item 5,Plastics,238,0
2025-07-21,SKU-023,Plastics Item 5,Plastics,209,0
2025-07-28,SKU-023,Plastics Item 5,Plastics,199,0
2025-08-04,SKU-023,Plastics Item 5,Plastics,200,0
2025-08-11,SKU-023,Plastics Item 5,Plastics,293,1
2025-08-18,SKU-023,Plastics Item 5,Plastics,211,0
2025-08-25,SKU-023,Plastics Item 5,Plastics,213,0
2025-09-01,SKU-023,Plastics Item 5,Plastics,184,0
2025-09-08,SKU-023,Plastics Item 5,Plastics,235,0
2025-09-15,SKU-023,Plastics Item 5,Plastics,197,0
2025-09-22,SKU-023,Plastics Item 5,Plastics,199,0
2025-09-29,SKU-023,Plastics Item 5,Plastics,231,0
2025-10-06,SKU-023,Plastics Item 5,Plastics,176,0
2025-10-13,SKU-023,Plastics Item 5,Plastics,212,0
2025-10-20,SKU-023,Plastics Item 5,Plastics,268,0
2025-10-27,SKU-023,Plastics Item 5,Plastics,193,0
2025-11-03,SKU-023,Plastics Item 5,Plastics,279,0
2025-11-10,SKU-023,Plastics Item 5,Plastics,291,0
2025-11-17,SKU-023,Plastics Item 5,Plastics,236,0
2025-11-24,SKU-023,Plastics Item 5,Plastics,258,0
2025-12-01,SKU-023,Plastics Item 5,Plastics,288,0
2025-12-08,SKU-023,Plastics Item 5,Plastics,320,1
2025-12-15,SKU-023,Plastics Item 5,Plastics,300,0
2025-12-22,SKU-023,Plastics Item 5,Plastics,262,0
2025-12-29,SKU-023,Plastics Item 5,Plastics,323,1
2026-01-05,SKU-023,Plastics Item 5,Plastics,325,0
2026-01-12,SKU-023,Plastics Item 5,Plastics,368,0
2026-01-19,SKU-023,Plastics Item 5,Plastics,323,0
2026-01-26,SKU-023,Plastics Item 5,Plastics,282,0
2026-02-02,SKU-023,Plastics Item 5,Plastics,289,0
2026-02-09,SKU-023,Plastics Item 5,Plastics,344,0
2026-02-16,SKU-023,Plastics Item 5,Plastics,395,0
2026-02-23,SKU-023,Plastics Item 5,Plastics,369,1
2026-03-02,SKU-023,Plastics Item 5,Plastics,347,0
2026-03-09,SKU-023,Plastics Item 5,Plastics,310,0
2026-03-16,SKU-023,Plastics Item 5,Plastics,309,0
2026-03-23,SKU-023,Plastics Item 5,Plastics,292,0
2026-03-30,SKU-023,Plastics Item 5,Plastics,393,0
2026-04-06,SKU-023,Plastics Item 5,Plastics,237,0
2026-04-13,SKU-023,Plastics Item 5,Plastics,375,0
2026-04-20,SKU-023,Plastics Item 5,Plastics,320,0
2026-04-27,SKU-023,Plastics Item 5,Plastics,315,0
2026-05-04,SKU-023,Plastics Item 5,Plastics,386,0
2026-05-11,SKU-023,Plastics Item 5,Plastics,281,0
2026-05-18,SKU-023,Plastics Item 5,Plastics,271,0
2026-05-25,SKU-023,Plastics Item 5,Plastics,279,0
2026-06-01,SKU-023,Plastics Item 5,Plastics,288,0
2026-06-08,SKU-023,Plastics Item 5,Plastics,255,0
2026-06-15,SKU-023,Plastics Item 5,Plastics,216,0
2026-06-22,SKU-023,Plastics Item 5,Plastics,238,0
2026-06-29,SKU-023,Plastics Item 5,Plastics,307,0
2026-07-06,SKU-023,Plastics Item 5,Plastics,268,0
2026-07-13,SKU-023,Plastics Item 5,Plastics,306,1
2026-07-20,SKU-023,Plastics Item 5,Plastics,239,0
2026-07-27,SKU-023,Plastics Item 5,Plastics,304,0
2026-08-03,SKU-023,Plastics Item 5,Plastics,240,0
2026-08-10,SKU-023,Plastics Item 5,Plastics,224,0
2026-08-17,SKU-023,Plastics Item 5,Plastics,260,0
2026-08-24,SKU-023,Plastics Item 5,Plastics,204,0
2026-08-31,SKU-023,Plastics Item 5,Plastics,205,0
2026-09-07,SKU-023,Plastics Item 5,Plastics,222,0
2026-09-14,SKU-023,Plastics Item 5,Plastics,227,0
2026-09-21,SKU-023,Plastics Item 5,Plastics,241,0
2026-09-28,SKU-023,Plastics Item 5,Plastics,303,0
2024-01-01,SKU-024,Plastics Item 6,Plastics,166,0
2024-01-08,SKU-024,Plastics Item 6,Plastics,210,0
2024-01-15,SKU-024,Plastics Item 6,Plastics,204,0
2024-01-22,SKU-024,Plastics Item 6,Plastics,0,0
2024-01-29,SKU-024,Plastics Item 6,Plastics,0,0
2024-02-05,SKU-024,Plastics Item 6,Plastics,0,0
2024-02-12,SKU-024,Plastics Item 6,Plastics,0,0
2024-02-19,SKU-024,Plastics Item 6,Plastics,0,0
2024-02-26,SKU-024,Plastics Item 6,Plastics,134,0
2024-03-04,SKU-024,Plastics Item 6,Plastics,0,0
2024-03-11,SKU-024,Plastics Item 6,Plastics,137,0
2024-03-18,SKU-024,Plastics Item 6,Plastics,124,0
2024-03-25,SKU-024,Plastics Item 6,Plastics,0,0
2024-04-01,SKU-024,Plastics Item 6,Plastics,78,0
2024-04-08,SKU-024,Plastics Item 6,Plastics,157,0
2024-04-15,SKU-024,Plastics Item 6,Plastics,108,0
2024-04-22,SKU-024,Plastics Item 6,Plastics,0,0
2024-04-29,SKU-024,Plastics Item 6,Plastics,105,0
2024-05-06,SKU-024,Plastics Item 6,Plastics,147,0
2024-05-13,SKU-024,Plastics Item 6,Plastics,109,0
2024-05-20,SKU-024,Plastics Item 6,Plastics,123,0
2024-05-27,SKU-024,Plastics Item 6,Plastics,0,0
2024-06-03,SKU-024,Plastics Item 6,Plastics,0,0
2024-06-10,SKU-024,Plastics Item 6,Plastics,59,0
2024-06-17,SKU-024,Plastics Item 6,Plastics,124,1
2024-06-24,SKU-024,Plastics Item 6,Plastics,121,0
2024-07-01,SKU-024,Plastics Item 6,Plastics,93,0
2024-07-08,SKU-024,Plastics Item 6,Plastics,144,0
2024-07-15,SKU-024,Plastics Item 6,Plastics,59,0
2024-07-22,SKU-024,Plastics Item 6,Plastics,101,0
2024-07-29,SKU-024,Plastics Item 6,Plastics,75,0
2024-08-05,SKU-024,Plastics Item 6,Plastics,106,0
2024-08-12,SKU-024,Plastics Item 6,Plastics,0,1
2024-08-19,SKU-024,Plastics Item 6,Plastics,112,1
2024-08-26,SKU-024,Plastics Item 6,Plastics,64,0
2024-09-02,SKU-024,Plastics Item 6,Plastics,0,0
2024-09-09,SKU-024,Plastics Item 6,Plastics,95,1
2024-09-16,SKU-024,Plastics Item 6,Plastics,78,0
2024-09-23,SKU-024,Plastics Item 6,Plastics,0,1
2024-09-30,SKU-024,Plastics Item 6,Plastics,88,0
2024-10-07,SKU-024,Plastics Item 6,Plastics,114,0
2024-10-14,SKU-024,Plastics Item 6,Plastics,197,1
2024-10-21,SKU-024,Plastics Item 6,Plastics,152,0
2024-10-28,SKU-024,Plastics Item 6,Plastics,128,0
2024-11-04,SKU-024,Plastics Item 6,Plastics,81,0
2024-11-11,SKU-024,Plastics Item 6,Plastics,0,0
2024-11-18,SKU-024,Plastics Item 6,Plastics,0,0
2024-11-25,SKU-024,Plastics Item 6,Plastics,105,0
2024-12-02,SKU-024,Plastics Item 6,Plastics,104,0
2024-12-09,SKU-024,Plastics Item 6,Plastics,0,0
2024-12-16,SKU-024,Plastics Item 6,Plastics,217,1
2024-12-23,SKU-024,Plastics Item 6,Plastics,160,0
2024-12-30,SKU-024,Plastics Item 6,Plastics,124,0
2025-01-06,SKU-024,Plastics Item 6,Plastics,0,0
2025-01-13,SKU-024,Plastics Item 6,Plastics,155,0
2025-01-20,SKU-024,Plastics Item 6,Plastics,0,0
2025-01-27,SKU-024,Plastics Item 6,Plastics,104,0
2025-02-03,SKU-024,Plastics Item 6,Plastics,98,0
2025-02-10,SKU-024,Plastics Item 6,Plastics,153,0
2025-02-17,SKU-024,Plastics Item 6,Plastics,163,0
2025-02-24,SKU-024,Plastics Item 6,Plastics,0,0
2025-03-03,SKU-024,Plastics Item 6,Plastics,97,0
2025-03-10,SKU-024,Plastics Item 6,Plastics,143,0
2025-03-17,SKU-024,Plastics Item 6,Plastics,134,0
2025-03-24,SKU-024,Plastics Item 6,Plastics,139,0
2025-03-31,SKU-024,Plastics Item 6,Plastics,0,0
2025-04-07,SKU-024,Plastics Item 6,Plastics,137,0
2025-04-14,SKU-024,Plastics Item 6,Plastics,135,0
2025-04-21,SKU-024,Plastics Item 6,Plastics,125,0
2025-04-28,SKU-024,Plastics Item 6,Plastics,137,0
2025-05-05,SKU-024,Plastics Item 6,Plastics,181,0
2025-05-12,SKU-024,Plastics Item 6,Plastics,0,1
2025-05-19,SKU-024,Plastics Item 6,Plastics,115,0
2025-05-26,SKU-024,Plastics Item 6,Plastics,105,0
2025-06-02,SKU-024,Plastics Item 6,Plastics,0,0
2025-06-09,SKU-024,Plastics Item 6,Plastics,121,0
2025-06-16,SKU-024,Plastics Item 6,Plastics,0,0
2025-06-23,SKU-024,Plastics Item 6,Plastics,95,0
2025-06-30,SKU-024,Plastics Item 6,Plastics,85,0
2025-07-07,SKU-024,Plastics Item 6,Plastics,0,0
2025-07-14,SKU-024,Plastics Item 6,Plastics,138,0
2025-07-21,SKU-024,Plastics Item 6,Plastics,86,0
2025-07-28,SKU-024,Plastics Item 6,Plastics,103,0
2025-08-04,SKU-024,Plastics Item 6,Plastics,110,0
2025-08-11,SKU-024,Plastics Item 6,Plastics,125,1
2025-08-18,SKU-024,Plastics Item 6,Plastics,132,1
2025-08-25,SKU-024,Plastics Item 6,Plastics,0,0
2025-09-01,SKU-024,Plastics Item 6,Plastics,130,1
2025-09-08,SKU-024,Plastics Item 6,Plastics,0,0
2025-09-15,SKU-024,Plastics Item 6,Plastics,80,0
2025-09-22,SKU-024,Plastics Item 6,Plastics,0,0
2025-09-29,SKU-024,Plastics Item 6,Plastics,0,0
2025-10-06,SKU-024,Plastics Item 6,Plastics,80,0
2025-10-13,SKU-024,Plastics Item 6,Plastics,65,0
2025-10-20,SKU-024,Plastics Item 6,Plastics,105,0
2025-10-27,SKU-024,Plastics Item 6,Plastics,0,0
2025-11-03,SKU-024,Plastics Item 6,Plastics,87,0
2025-11-10,SKU-024,Plastics Item 6,Plastics,0,0
2025-11-17,SKU-024,Plastics Item 6,Plastics,156,0
2025-11-24,SKU-024,Plastics Item 6,Plastics,0,0
2025-12-01,SKU-024,Plastics Item 6,Plastics,98,0
2025-12-08,SKU-024,Plastics Item 6,Plastics,0,0
2025-12-15,SKU-024,Plastics Item 6,Plastics,0,0
2025-12-22,SKU-024,Plastics Item 6,Plastics,0,0
2025-12-29,SKU-024,Plastics Item 6,Plastics,117,0
2026-01-05,SKU-024,Plastics Item 6,Plastics,169,0
2026-01-12,SKU-024,Plastics Item 6,Plastics,140,0
2026-01-19,SKU-024,Plastics Item 6,Plastics,94,0
2026-01-26,SKU-024,Plastics Item 6,Plastics,166,0
2026-02-02,SKU-024,Plastics Item 6,Plastics,0,0
2026-02-09,SKU-024,Plastics Item 6,Plastics,0,0
2026-02-16,SKU-024,Plastics Item 6,Plastics,0,0
2026-02-23,SKU-024,Plastics Item 6,Plastics,0,0
2026-03-02,SKU-024,Plastics Item 6,Plastics,98,0
2026-03-09,SKU-024,Plastics Item 6,Plastics,0,0
2026-03-16,SKU-024,Plastics Item 6,Plastics,111,0
2026-03-23,SKU-024,Plastics Item 6,Plastics,0,0
2026-03-30,SKU-024,Plastics Item 6,Plastics,139,0
2026-04-06,SKU-024,Plastics Item 6,Plastics,0,0
2026-04-13,SKU-024,Plastics Item 6,Plastics,0,0
2026-04-20,SKU-024,Plastics Item 6,Plastics,0,0
2026-04-27,SKU-024,Plastics Item 6,Plastics,99,0
2026-05-04,SKU-024,Plastics Item 6,Plastics,0,0
2026-05-11,SKU-024,Plastics Item 6,Plastics,126,0
2026-05-18,SKU-024,Plastics Item 6,Plastics,0,0
2026-05-25,SKU-024,Plastics Item 6,Plastics,0,0
2026-06-01,SKU-024,Plastics Item 6,Plastics,79,0
2026-06-08,SKU-024,Plastics Item 6,Plastics,98,0
2026-06-15,SKU-024,Plastics Item 6,Plastics,0,0
2026-06-22,SKU-024,Plastics Item 6,Plastics,121,0
2026-06-29,SKU-024,Plastics Item 6,Plastics,81,0
2026-07-06,SKU-024,Plastics Item 6,Plastics,84,0
2026-07-13,SKU-024,Plastics Item 6,Plastics,104,0
2026-07-20,SKU-024,Plastics Item 6,Plastics,127,0
2026-07-27,SKU-024,Plastics Item 6,Plastics,103,0
2026-08-03,SKU-024,Plastics Item 6,Plastics,69,0
2026-08-10,SKU-024,Plastics Item 6,Plastics,84,0
2026-08-17,SKU-024,Plastics Item 6,Plastics,0,1
2026-08-24,SKU-024,Plastics Item 6,Plastics,0,0
2026-08-31,SKU-024,Plastics Item 6,Plastics,0,0
2026-09-07,SKU-024,Plastics Item 6,Plastics,92,0
2026-09-14,SKU-024,Plastics Item 6,Plastics,0,0
2026-09-21,SKU-024,Plastics Item 6,Plastics,0,0
2026-09-28,SKU-024,Plastics Item 6,Plastics,0,0
